id,title,amount,category,date,description,predicted_category,confidence_score,is_user_corrected,source
kaggle_1,Score each.,1485.69,Food,2020-01-02,Original Category: Food & Drink,,1.0,0,kaggle_dataset
kaggle_2,Quality throughout.,1475.58,Utilities,2020-01-02,Original Category: Utilities,,1.0,0,kaggle_dataset
kaggle_3,Instead ahead despite measure ago.,1185.08,Utilities,2020-01-04,Original Category: Rent,,1.0,0,kaggle_dataset
kaggle_5,Future choice whatever from.,1126.88,Food,2020-01-13,Original Category: Food & Drink,,1.0,0,kaggle_dataset
kaggle_6,Benefit suggest page southern.,448.68,Shopping,2020-01-14,Original Category: Shopping,,1.0,0,kaggle_dataset
kaggle_7,By two bad fall pick.,1520.03,Food,2020-01-18,Original Category: Food & Drink,,1.0,0,kaggle_dataset
kaggle_9,Herself law.,1914.85,Entertainment,2020-01-21,Original Category: Entertainment,,1.0,0,kaggle_dataset
kaggle_10,Have decide environment.,766.06,Utilities,2020-01-25,Original Category: Rent,,1.0,0,kaggle_dataset
kaggle_11,Play move each left establish.,1211.41,Other,2020-01-25,Original Category: Health & Fitness,,1.0,0,kaggle_dataset
kaggle_12,Range successful simply.,1077.09,Other,2020-01-26,Original Category: Salary,,1.0,0,kaggle_dataset
kaggle_13,Source husband.,166.81,Shopping,2020-01-29,Original Category: Shopping,,1.0,0,kaggle_dataset
kaggle_14,Tree note responsibility.,1158.93,Other,2020-01-30,Original Category: Health & Fitness,,1.0,0,kaggle_dataset
kaggle_15,How trip learn enter.,1325.91,Food,2020-01-31,Original Category: Food & Drink,,1.0,0,kaggle_dataset
kaggle_16,Much section investment on gun.,1712.08,Utilities,2020-01-31,Original Category: Rent,,1.0,0,kaggle_dataset
kaggle_17,Management sense technology check civil.,563.17,Shopping,2020-01-31,Original Category: Shopping,,1.0,0,kaggle_dataset
kaggle_18,As high you more wife.,333.68,Other,2020-02-02,Original Category: Health & Fitness,,1.0,0,kaggle_dataset
kaggle_19,Race mr.,1406.62,Transport,2020-02-04,Original Category: Travel,,1.0,0,kaggle_dataset
kaggle_20,Born itself law west.,1222.17,Utilities,2020-02-05,Original Category: Rent,,1.0,0,kaggle_dataset
kaggle_22,Current hear claim well two.,1979.15,Transport,2020-02-07,Original Category: Travel,,1.0,0,kaggle_dataset
kaggle_23,Food affect upon these story.,1372.38,Entertainment,2020-02-07,Original Category: Entertainment,,1.0,0,kaggle_dataset
kaggle_24,Around there water.,465.81,Food,2020-02-08,Original Category: Food & Drink,,1.0,0,kaggle_dataset
kaggle_26,Close month parent who up.,1827.14,Entertainment,2020-02-09,Original Category: Entertainment,,1.0,0,kaggle_dataset
kaggle_27,Human public health.,433.13,Other,2020-02-11,Original Category: Health & Fitness,,1.0,0,kaggle_dataset
kaggle_28,Building different full open.,294.31,Other,2020-02-13,Original Category: Salary,,1.0,0,kaggle_dataset
kaggle_30,Method everything.,730.37,Shopping,2020-02-16,Original Category: Shopping,,1.0,0,kaggle_dataset
kaggle_31,Much rich think.,1023.96,Utilities,2020-02-16,Original Category: Utilities,,1.0,0,kaggle_dataset
kaggle_34,I fund.,769.42,Shopping,2020-02-20,Original Category: Shopping,,1.0,0,kaggle_dataset
kaggle_35,Court movie cell.,1942.45,Transport,2020-02-26,Original Category: Travel,,1.0,0,kaggle_dataset
kaggle_36,Leg themselves away.,1363.76,Food,2020-02-27,Original Category: Food & Drink,,1.0,0,kaggle_dataset
kaggle_39,Magazine degree husband around.,1944.06,Transport,2020-02-29,Original Category: Travel,,1.0,0,kaggle_dataset
kaggle_40,World enter.,1742.33,Utilities,2020-03-03,Original Category: Rent,,1.0,0,kaggle_dataset
kaggle_41,Institution whatever yet.,314.15,Entertainment,2020-03-04,Original Category: Entertainment,,1.0,0,kaggle_dataset
kaggle_42,Choice father why often.,1201.9,Food,2020-03-04,Original Category: Food & Drink,,1.0,0,kaggle_dataset
kaggle_43,Security arm.,1858.91,Utilities,2020-03-09,Original Category: Rent,,1.0,0,kaggle_dataset
kaggle_44,Me system church whether.,486.51,Transport,2020-03-09,Original Category: Travel,,1.0,0,kaggle_dataset
kaggle_45,Attention attack technology.,180.45,Utilities,2020-03-11,Original Category: Rent,,1.0,0,kaggle_dataset
kaggle_46,Walk now often.,1956.19,Utilities,2020-03-11,Original Category: Rent,,1.0,0,kaggle_dataset
kaggle_47,Bank price north first end.,265.5,Utilities,2020-03-12,Original Category: Utilities,,1.0,0,kaggle_dataset
kaggle_48,Enter capital population.,537.46,Utilities,2020-03-12,Original Category: Utilities,,1.0,0,kaggle_dataset
kaggle_49,Upon very act perform.,1929.08,Shopping,2020-03-14,Original Category: Shopping,,1.0,0,kaggle_dataset
kaggle_50,Available defense.,1428.77,Entertainment,2020-03-15,Original Category: Entertainment,,1.0,0,kaggle_dataset
kaggle_51,Value thing these.,881.82,Other,2020-03-18,Original Category: Health & Fitness,,1.0,0,kaggle_dataset
kaggle_52,Citizen street region.,503.33,Utilities,2020-03-21,Original Category: Rent,,1.0,0,kaggle_dataset
kaggle_54,Enough threat score.,151.28,Food,2020-03-23,Original Category: Food & Drink,,1.0,0,kaggle_dataset
kaggle_55,Example decision garden.,144.13,Entertainment,2020-03-24,Original Category: Entertainment,,1.0,0,kaggle_dataset
kaggle_57,Analysis four capital.,1341.27,Transport,2020-04-01,Original Category: Travel,,1.0,0,kaggle_dataset
kaggle_58,Scientist necessary into.,1449.47,Utilities,2020-04-05,Original Category: Utilities,,1.0,0,kaggle_dataset
kaggle_59,Away third.,493.56,Other,2020-04-06,Original Category: Salary,,1.0,0,kaggle_dataset
kaggle_60,Along hard need involve among.,388.92,Shopping,2020-04-06,Original Category: Shopping,,1.0,0,kaggle_dataset
kaggle_62,Government nice.,1729.04,Other,2020-04-17,Original Category: Salary,,1.0,0,kaggle_dataset
kaggle_64,Agent say forward us.,1603.18,Other,2020-04-18,Original Category: Health & Fitness,,1.0,0,kaggle_dataset
kaggle_66,Develop staff least figure.,849.54,Utilities,2020-04-23,Original Category: Utilities,,1.0,0,kaggle_dataset
kaggle_67,Age cover foreign.,1750.23,Entertainment,2020-04-25,Original Category: Entertainment,,1.0,0,kaggle_dataset
kaggle_69,Voice boy wife condition.,1938.3,Food,2020-04-26,Original Category: Food & Drink,,1.0,0,kaggle_dataset
kaggle_70,Board its.,340.96,Entertainment,2020-04-27,Original Category: Entertainment,,1.0,0,kaggle_dataset
kaggle_71,Paper memory history office.,1730.65,Entertainment,2020-04-27,Original Category: Entertainment,,1.0,0,kaggle_dataset
kaggle_72,Remember ability.,764.16,Utilities,2020-04-29,Original Category: Utilities,,1.0,0,kaggle_dataset
kaggle_73,Hair attorney professional.,1853.77,Transport,2020-04-30,Original Category: Travel,,1.0,0,kaggle_dataset
kaggle_74,Finish summer rest feel finally.,851.78,Transport,2020-05-01,Original Category: Travel,,1.0,0,kaggle_dataset
kaggle_75,I fast camera inside.,318.05,Other,2020-05-03,Original Category: Salary,,1.0,0,kaggle_dataset
kaggle_76,Past feeling nature.,1162.57,Food,2020-05-03,Original Category: Food & Drink,,1.0,0,kaggle_dataset
kaggle_77,Expert involve oil.,123.76,Other,2020-05-05,Original Category: Health & Fitness,,1.0,0,kaggle_dataset
kaggle_78,Kid put memory soldier.,123.19,Utilities,2020-05-06,Original Category: Utilities,,1.0,0,kaggle_dataset
kaggle_79,Exist professional.,146.36,Utilities,2020-05-06,Original Category: Utilities,,1.0,0,kaggle_dataset
kaggle_82,Sure authority increase picture create.,1318.17,Shopping,2020-05-12,Original Category: Shopping,,1.0,0,kaggle_dataset
kaggle_83,Hundred challenge reach throughout.,1870.07,Other,2020-05-13,Original Category: Health & Fitness,,1.0,0,kaggle_dataset
kaggle_84,Despite sound receive let.,484.99,Other,2020-05-14,Original Category: Health & Fitness,,1.0,0,kaggle_dataset
kaggle_85,True building card.,919.88,Transport,2020-05-15,Original Category: Travel,,1.0,0,kaggle_dataset
kaggle_86,Write other wear through partner.,28.54,Utilities,2020-05-16,Original Category: Rent,,1.0,0,kaggle_dataset
kaggle_87,Store natural today season.,155.79,Utilities,2020-05-17,Original Category: Rent,,1.0,0,kaggle_dataset
kaggle_88,Else easy point she.,273.59,Transport,2020-05-19,Original Category: Travel,,1.0,0,kaggle_dataset
kaggle_89,Phone ever back experience.,1759.75,Utilities,2020-05-20,Original Category: Rent,,1.0,0,kaggle_dataset
kaggle_90,Floor music catch discuss.,881.99,Utilities,2020-05-21,Original Category: Utilities,,1.0,0,kaggle_dataset
kaggle_91,Ask imagine my.,1227.24,Transport,2020-05-25,Original Category: Travel,,1.0,0,kaggle_dataset
kaggle_92,Deal information.,1339.05,Food,2020-05-27,Original Category: Food & Drink,,1.0,0,kaggle_dataset
kaggle_93,Task she.,1878.47,Utilities,2020-05-28,Original Category: Rent,,1.0,0,kaggle_dataset
kaggle_95,Section national owner determine detail.,551.97,Utilities,2020-05-30,Original Category: Utilities,,1.0,0,kaggle_dataset
kaggle_96,Ahead from quickly identify.,415.16,Other,2020-05-31,Original Category: Health & Fitness,,1.0,0,kaggle_dataset
kaggle_97,Try wonder move trade.,1015.76,Transport,2020-05-31,Original Category: Travel,,1.0,0,kaggle_dataset
kaggle_98,Base investment.,193.67,Food,2020-06-01,Original Category: Food & Drink,,1.0,0,kaggle_dataset
kaggle_99,Anyone here deep.,97.73,Transport,2020-06-02,Original Category: Travel,,1.0,0,kaggle_dataset
kaggle_100,Seven here sell story.,1277.86,Utilities,2020-06-05,Original Category: Utilities,,1.0,0,kaggle_dataset
kaggle_101,Like see.,1107.84,Other,2020-06-06,Original Category: Salary,,1.0,0,kaggle_dataset
kaggle_102,Difference attention whatever american.,232.63,Food,2020-06-07,Original Category: Food & Drink,,1.0,0,kaggle_dataset
kaggle_103,Current after charge.,1095.72,Utilities,2020-06-08,Original Category: Utilities,,1.0,0,kaggle_dataset
kaggle_104,Prove nor design record.,865.28,Utilities,2020-06-09,Original Category: Utilities,,1.0,0,kaggle_dataset
kaggle_106,Blue agent find.,1367.31,Entertainment,2020-06-10,Original Category: Entertainment,,1.0,0,kaggle_dataset
kaggle_107,Walk cup option store.,1562.43,Other,2020-06-10,Original Category: Health & Fitness,,1.0,0,kaggle_dataset
kaggle_108,Recent feeling.,1947.94,Shopping,2020-06-11,Original Category: Shopping,,1.0,0,kaggle_dataset
kaggle_109,Site girl into have media.,1730.57,Entertainment,2020-06-11,Original Category: Entertainment,,1.0,0,kaggle_dataset
kaggle_110,Support state.,1764.02,Utilities,2020-06-12,Original Category: Utilities,,1.0,0,kaggle_dataset
kaggle_112,Safe whole establish.,540.94,Entertainment,2020-06-15,Original Category: Entertainment,,1.0,0,kaggle_dataset
kaggle_113,Let stay or focus.,771.26,Utilities,2020-06-18,Original Category: Rent,,1.0,0,kaggle_dataset
kaggle_116,Something future they red.,453.62,Entertainment,2020-06-19,Original Category: Entertainment,,1.0,0,kaggle_dataset
kaggle_117,Act way beat result major.,663.24,Shopping,2020-06-19,Original Category: Shopping,,1.0,0,kaggle_dataset
kaggle_118,Position make society behavior.,708.78,Transport,2020-06-21,Original Category: Travel,,1.0,0,kaggle_dataset
kaggle_119,Reality fill ok list.,1879.08,Other,2020-06-21,Original Category: Health & Fitness,,1.0,0,kaggle_dataset
kaggle_121,Edge building court.,86.13,Transport,2020-06-22,Original Category: Travel,,1.0,0,kaggle_dataset
kaggle_122,Week real course school everybody.,1459.8,Other,2020-06-24,Original Category: Health & Fitness,,1.0,0,kaggle_dataset
kaggle_123,Executive beyond create dinner conference.,776.54,Utilities,2020-06-30,Original Category: Rent,,1.0,0,kaggle_dataset
kaggle_124,Call animal approach factor want.,98.33,Transport,2020-06-30,Original Category: Travel,,1.0,0,kaggle_dataset
kaggle_125,Their off.,734.8,Entertainment,2020-07-02,Original Category: Entertainment,,1.0,0,kaggle_dataset
kaggle_127,State husband.,1442.31,Utilities,2020-07-04,Original Category: Rent,,1.0,0,kaggle_dataset
kaggle_128,Picture approach chance none fight.,1337.12,Transport,2020-07-05,Original Category: Travel,,1.0,0,kaggle_dataset
kaggle_129,Newspaper indicate other.,1113.28,Transport,2020-07-06,Original Category: Travel,,1.0,0,kaggle_dataset
kaggle_131,Art whether between several personal.,818.09,Transport,2020-07-08,Original Category: Travel,,1.0,0,kaggle_dataset
kaggle_132,Church community.,580.96,Transport,2020-07-11,Original Category: Travel,,1.0,0,kaggle_dataset
kaggle_133,Able late order.,935.33,Other,2020-07-12,Original Category: Health & Fitness,,1.0,0,kaggle_dataset
kaggle_134,Discuss religious.,1027.24,Entertainment,2020-07-12,Original Category: Entertainment,,1.0,0,kaggle_dataset
kaggle_135,Reach under.,1321.11,Utilities,2020-07-13,Original Category: Utilities,,1.0,0,kaggle_dataset
kaggle_136,Boy different chance enter.,195.84,Other,2020-07-17,Original Category: Health & Fitness,,1.0,0,kaggle_dataset
kaggle_137,Arrive society.,1348.86,Entertainment,2020-07-20,Original Category: Entertainment,,1.0,0,kaggle_dataset
kaggle_138,Keep light fight.,303.23,Entertainment,2020-07-21,Original Category: Entertainment,,1.0,0,kaggle_dataset
kaggle_140,Same page ago director.,1439.51,Entertainment,2020-07-22,Original Category: Entertainment,,1.0,0,kaggle_dataset
kaggle_141,Week yourself public especially american.,495.53,Shopping,2020-07-22,Original Category: Shopping,,1.0,0,kaggle_dataset
kaggle_142,Million kind everything young.,1786.39,Food,2020-07-22,Original Category: Food & Drink,,1.0,0,kaggle_dataset
kaggle_143,Why like impact fly.,1559.06,Utilities,2020-07-23,Original Category: Rent,,1.0,0,kaggle_dataset
kaggle_144,Form really explain.,109.93,Other,2020-07-24,Original Category: Salary,,1.0,0,kaggle_dataset
kaggle_145,Already because education break significant.,918.36,Utilities,2020-07-28,Original Category: Rent,,1.0,0,kaggle_dataset
kaggle_146,Price my.,1900.58,Other,2020-07-28,Original Category: Health & Fitness,,1.0,0,kaggle_dataset
kaggle_147,Could gun.,1662.83,Shopping,2020-07-29,Original Category: Shopping,,1.0,0,kaggle_dataset
kaggle_148,Kind appear environment capital explain.,1489.87,Utilities,2020-07-30,Original Category: Utilities,,1.0,0,kaggle_dataset
kaggle_149,Ahead picture son.,1506.04,Transport,2020-07-31,Original Category: Travel,,1.0,0,kaggle_dataset
kaggle_150,Nearly need behavior.,1533.97,Transport,2020-08-01,Original Category: Travel,,1.0,0,kaggle_dataset
kaggle_151,Water positive child usually.,556.45,Entertainment,2020-08-01,Original Category: Entertainment,,1.0,0,kaggle_dataset
kaggle_153,Course out second carry.,1787.12,Other,2020-08-02,Original Category: Health & Fitness,,1.0,0,kaggle_dataset
kaggle_155,Star executive fear.,1415.77,Utilities,2020-08-04,Original Category: Utilities,,1.0,0,kaggle_dataset
kaggle_157,Help usually thank wonder draw.,133.91,Shopping,2020-08-04,Original Category: Shopping,,1.0,0,kaggle_dataset
kaggle_158,Task improve fish.,1810.63,Shopping,2020-08-05,Original Category: Shopping,,1.0,0,kaggle_dataset
kaggle_159,History professional star wonder.,1714.9,Food,2020-08-05,Original Category: Food & Drink,,1.0,0,kaggle_dataset
kaggle_160,Call whole.,959.19,Shopping,2020-08-06,Original Category: Shopping,,1.0,0,kaggle_dataset
kaggle_161,Them key.,1509.42,Transport,2020-08-08,Original Category: Travel,,1.0,0,kaggle_dataset
kaggle_162,Address century that wide.,1081.06,Shopping,2020-08-08,Original Category: Shopping,,1.0,0,kaggle_dataset
kaggle_163,Sit enter perhaps however.,981.58,Entertainment,2020-08-09,Original Category: Entertainment,,1.0,0,kaggle_dataset
kaggle_164,System teacher here first.,67.76,Other,2020-08-13,Original Category: Salary,,1.0,0,kaggle_dataset
kaggle_165,Along attention piece tv young.,1451.12,Shopping,2020-08-14,Original Category: Shopping,,1.0,0,kaggle_dataset
kaggle_166,Within set region beyond.,1961.64,Utilities,2020-08-16,Original Category: Utilities,,1.0,0,kaggle_dataset
kaggle_167,Tough animal someone.,1187.87,Shopping,2020-08-17,Original Category: Shopping,,1.0,0,kaggle_dataset
kaggle_168,Hear certainly most not.,1289.07,Utilities,2020-08-18,Original Category: Rent,,1.0,0,kaggle_dataset
kaggle_171,Together let.,681.63,Other,2020-08-21,Original Category: Health & Fitness,,1.0,0,kaggle_dataset
kaggle_172,Citizen kid generation onto police.,1506.5,Transport,2020-08-21,Original Category: Travel,,1.0,0,kaggle_dataset
kaggle_173,Lead few yourself.,1671.47,Transport,2020-08-22,Original Category: Travel,,1.0,0,kaggle_dataset
kaggle_174,Down occur.,1999.82,Food,2020-08-22,Original Category: Food & Drink,,1.0,0,kaggle_dataset
kaggle_175,Yeah far within.,1564.65,Utilities,2020-08-26,Original Category: Rent,,1.0,0,kaggle_dataset
kaggle_176,Account ten sing.,1899.73,Food,2020-08-27,Original Category: Food & Drink,,1.0,0,kaggle_dataset
kaggle_178,Pm per question.,1342.22,Other,2020-08-29,Original Category: Salary,,1.0,0,kaggle_dataset
kaggle_179,Best physical always small almost.,935.42,Entertainment,2020-08-30,Original Category: Entertainment,,1.0,0,kaggle_dataset
kaggle_180,Bed far section.,343.9,Other,2020-08-31,Original Category: Health & Fitness,,1.0,0,kaggle_dataset
kaggle_181,Car much will.,1557.81,Utilities,2020-09-01,Original Category: Rent,,1.0,0,kaggle_dataset
kaggle_183,Second full boy.,1155.84,Transport,2020-09-05,Original Category: Travel,,1.0,0,kaggle_dataset
kaggle_184,Senior difficult put.,799.34,Shopping,2020-09-06,Original Category: Shopping,,1.0,0,kaggle_dataset
kaggle_185,Hand so add mr lawyer.,1188.27,Utilities,2020-09-07,Original Category: Rent,,1.0,0,kaggle_dataset
kaggle_186,Herself police he push likely.,212.78,Entertainment,2020-09-08,Original Category: Entertainment,,1.0,0,kaggle_dataset
kaggle_187,Trip determine as statement.,1594.49,Utilities,2020-09-11,Original Category: Rent,,1.0,0,kaggle_dataset
kaggle_188,Bring animal also you.,700.94,Food,2020-09-11,Original Category: Food & Drink,,1.0,0,kaggle_dataset
kaggle_189,Doctor mr.,147.22,Other,2020-09-11,Original Category: Health & Fitness,,1.0,0,kaggle_dataset
kaggle_190,He we recent music.,1700.66,Food,2020-09-16,Original Category: Food & Drink,,1.0,0,kaggle_dataset
kaggle_191,Those pressure street.,872.71,Utilities,2020-09-17,Original Category: Rent,,1.0,0,kaggle_dataset
kaggle_192,Allow have kitchen.,1417.54,Other,2020-09-17,Original Category: Salary,,1.0,0,kaggle_dataset
kaggle_193,Between rate name within.,1235.67,Transport,2020-09-18,Original Category: Travel,,1.0,0,kaggle_dataset
kaggle_194,Huge couple.,935.1,Other,2020-09-18,Original Category: Salary,,1.0,0,kaggle_dataset
kaggle_195,Begin deep police wife.,651.39,Transport,2020-09-22,Original Category: Travel,,1.0,0,kaggle_dataset
kaggle_196,During call north attention.,565.07,Utilities,2020-09-22,Original Category: Rent,,1.0,0,kaggle_dataset
kaggle_197,Only spend do.,1144.0,Other,2020-09-22,Original Category: Salary,,1.0,0,kaggle_dataset
kaggle_198,Able teach certain candidate economy.,67.11,Other,2020-09-23,Original Category: Health & Fitness,,1.0,0,kaggle_dataset
kaggle_199,Produce ago.,980.22,Utilities,2020-09-23,Original Category: Utilities,,1.0,0,kaggle_dataset
kaggle_200,So draw food company.,687.27,Transport,2020-09-25,Original Category: Travel,,1.0,0,kaggle_dataset
kaggle_201,Score moment second.,1116.02,Transport,2020-09-27,Original Category: Travel,,1.0,0,kaggle_dataset
kaggle_202,Sing message board mean.,180.37,Entertainment,2020-09-27,Original Category: Entertainment,,1.0,0,kaggle_dataset
kaggle_203,Feeling poor all your suggest.,1114.8,Other,2020-09-27,Original Category: Salary,,1.0,0,kaggle_dataset
kaggle_204,Make travel.,1295.35,Other,2020-09-29,Original Category: Salary,,1.0,0,kaggle_dataset
kaggle_205,Focus chance.,195.18,Food,2020-09-30,Original Category: Food & Drink,,1.0,0,kaggle_dataset
kaggle_206,Person one republican.,619.35,Entertainment,2020-10-01,Original Category: Entertainment,,1.0,0,kaggle_dataset
kaggle_207,Most law painting between reduce.,1111.41,Other,2020-10-03,Original Category: Salary,,1.0,0,kaggle_dataset
kaggle_208,Involve thousand including.,710.1,Other,2020-10-04,Original Category: Health & Fitness,,1.0,0,kaggle_dataset
kaggle_209,Indeed believe interview professor.,510.29,Transport,2020-10-07,Original Category: Travel,,1.0,0,kaggle_dataset
kaggle_212,News only no.,560.23,Other,2020-10-08,Original Category: Salary,,1.0,0,kaggle_dataset
kaggle_213,Improve them wait.,1961.22,Transport,2020-10-08,Original Category: Travel,,1.0,0,kaggle_dataset
kaggle_214,Why outside.,462.69,Transport,2020-10-10,Original Category: Travel,,1.0,0,kaggle_dataset
kaggle_217,Off southern suddenly.,1279.36,Utilities,2020-10-12,Original Category: Utilities,,1.0,0,kaggle_dataset
kaggle_218,Participant price.,1746.71,Utilities,2020-10-14,Original Category: Rent,,1.0,0,kaggle_dataset
kaggle_219,Congress reflect.,962.64,Other,2020-10-15,Original Category: Salary,,1.0,0,kaggle_dataset
kaggle_220,Go consider century price.,512.43,Food,2020-10-16,Original Category: Food & Drink,,1.0,0,kaggle_dataset
kaggle_221,Scientist will begin.,1646.01,Utilities,2020-10-16,Original Category: Rent,,1.0,0,kaggle_dataset
kaggle_222,Heavy law church.,1158.27,Utilities,2020-10-16,Original Category: Rent,,1.0,0,kaggle_dataset
kaggle_223,Since nothing be apply.,306.9,Utilities,2020-10-18,Original Category: Utilities,,1.0,0,kaggle_dataset
kaggle_224,Anyone bank kitchen interest parent.,179.51,Transport,2020-10-19,Original Category: Travel,,1.0,0,kaggle_dataset
kaggle_225,Democratic mention generation.,1216.57,Shopping,2020-10-23,Original Category: Shopping,,1.0,0,kaggle_dataset
kaggle_226,Question or money.,1553.63,Entertainment,2020-10-24,Original Category: Entertainment,,1.0,0,kaggle_dataset
kaggle_227,Determine worker.,601.73,Other,2020-10-26,Original Category: Salary,,1.0,0,kaggle_dataset
kaggle_228,Daughter war.,617.71,Shopping,2020-10-27,Original Category: Shopping,,1.0,0,kaggle_dataset
kaggle_229,Face build market.,1895.7,Utilities,2020-10-27,Original Category: Rent,,1.0,0,kaggle_dataset
kaggle_230,Can mouth discover.,536.65,Entertainment,2020-10-27,Original Category: Entertainment,,1.0,0,kaggle_dataset
kaggle_232,Office of remember individual.,15.32,Utilities,2020-10-29,Original Category: Utilities,,1.0,0,kaggle_dataset
kaggle_233,Again foot soon peace.,589.61,Other,2020-10-30,Original Category: Salary,,1.0,0,kaggle_dataset
kaggle_234,Join black.,1408.95,Transport,2020-10-31,Original Category: Travel,,1.0,0,kaggle_dataset
kaggle_235,Hundred bad that second develop.,1848.58,Entertainment,2020-11-01,Original Category: Entertainment,,1.0,0,kaggle_dataset
kaggle_236,Member box.,856.03,Entertainment,2020-11-01,Original Category: Entertainment,,1.0,0,kaggle_dataset
kaggle_237,Town glass road.,1817.74,Utilities,2020-11-02,Original Category: Utilities,,1.0,0,kaggle_dataset
kaggle_238,Bill eight community.,128.68,Utilities,2020-11-04,Original Category: Rent,,1.0,0,kaggle_dataset
kaggle_239,Concern significant.,883.92,Transport,2020-11-06,Original Category: Travel,,1.0,0,kaggle_dataset
kaggle_240,Senior service large under.,1402.47,Transport,2020-11-07,Original Category: Travel,,1.0,0,kaggle_dataset
kaggle_241,Follow wife firm key light.,881.14,Other,2020-11-09,Original Category: Salary,,1.0,0,kaggle_dataset
kaggle_242,Option goal avoid.,1471.72,Shopping,2020-11-10,Original Category: Shopping,,1.0,0,kaggle_dataset
kaggle_243,Also hard expert popular.,191.74,Food,2020-11-10,Original Category: Food & Drink,,1.0,0,kaggle_dataset
kaggle_244,Order his oil west school.,1999.15,Food,2020-11-12,Original Category: Food & Drink,,1.0,0,kaggle_dataset
kaggle_245,Training occur could painting.,1156.73,Transport,2020-11-12,Original Category: Travel,,1.0,0,kaggle_dataset
kaggle_246,Whatever late specific.,946.3,Utilities,2020-11-14,Original Category: Utilities,,1.0,0,kaggle_dataset
kaggle_247,Mean common.,371.16,Transport,2020-11-14,Original Category: Travel,,1.0,0,kaggle_dataset
kaggle_248,Yard model particular hair.,1938.42,Other,2020-11-14,Original Category: Salary,,1.0,0,kaggle_dataset
kaggle_249,Impact full our smile.,673.28,Shopping,2020-11-14,Original Category: Shopping,,1.0,0,kaggle_dataset
kaggle_250,Form newspaper.,666.31,Utilities,2020-11-15,Original Category: Utilities,,1.0,0,kaggle_dataset
kaggle_251,Edge surface who.,1328.54,Transport,2020-11-15,Original Category: Travel,,1.0,0,kaggle_dataset
kaggle_252,Bank professional true financial.,915.1,Food,2020-11-16,Original Category: Food & Drink,,1.0,0,kaggle_dataset
kaggle_253,Organization visit finally.,240.68,Other,2020-11-16,Original Category: Health & Fitness,,1.0,0,kaggle_dataset
kaggle_254,Spend prove stock school.,1318.74,Food,2020-11-17,Original Category: Food & Drink,,1.0,0,kaggle_dataset
kaggle_255,Position interest.,117.87,Shopping,2020-11-20,Original Category: Shopping,,1.0,0,kaggle_dataset
kaggle_256,Guy congress.,1254.56,Other,2020-11-22,Original Category: Salary,,1.0,0,kaggle_dataset
kaggle_257,Way main difficult case.,541.44,Entertainment,2020-11-23,Original Category: Entertainment,,1.0,0,kaggle_dataset
kaggle_259,Product then.,251.64,Other,2020-11-25,Original Category: Salary,,1.0,0,kaggle_dataset
kaggle_260,Heavy class story side speak.,1422.47,Entertainment,2020-11-26,Original Category: Entertainment,,1.0,0,kaggle_dataset
kaggle_261,Analysis hair rest wide.,1108.98,Food,2020-11-27,Original Category: Food & Drink,,1.0,0,kaggle_dataset
kaggle_263,Question now key show.,1001.77,Utilities,2020-11-29,Original Category: Utilities,,1.0,0,kaggle_dataset
kaggle_264,Month whom stage soon.,836.83,Transport,2020-12-01,Original Category: Travel,,1.0,0,kaggle_dataset
kaggle_265,Appear lose he.,495.02,Other,2020-12-05,Original Category: Salary,,1.0,0,kaggle_dataset
kaggle_266,Surface expect several evening town.,389.31,Shopping,2020-12-05,Original Category: Shopping,,1.0,0,kaggle_dataset
kaggle_267,Begin treat stage this.,1729.41,Utilities,2020-12-06,Original Category: Utilities,,1.0,0,kaggle_dataset
kaggle_268,Apply maybe dog yes.,686.35,Shopping,2020-12-10,Original Category: Shopping,,1.0,0,kaggle_dataset
kaggle_269,Agreement us stuff.,1642.89,Transport,2020-12-10,Original Category: Travel,,1.0,0,kaggle_dataset
kaggle_270,Case expert stop.,1676.58,Transport,2020-12-11,Original Category: Travel,,1.0,0,kaggle_dataset
kaggle_271,Large accept bad eight.,1731.87,Other,2020-12-12,Original Category: Salary,,1.0,0,kaggle_dataset
kaggle_272,Vote participant institution simply down.,696.8,Other,2020-12-13,Original Category: Salary,,1.0,0,kaggle_dataset
kaggle_273,Draw police.,916.14,Shopping,2020-12-14,Original Category: Shopping,,1.0,0,kaggle_dataset
kaggle_274,Book toward.,1961.74,Entertainment,2020-12-14,Original Category: Entertainment,,1.0,0,kaggle_dataset
kaggle_275,Place offer.,474.79,Shopping,2020-12-16,Original Category: Shopping,,1.0,0,kaggle_dataset
kaggle_276,Investment pass drive.,643.17,Food,2020-12-16,Original Category: Food & Drink,,1.0,0,kaggle_dataset
kaggle_277,Professor beat window.,778.3,Shopping,2020-12-16,Original Category: Shopping,,1.0,0,kaggle_dataset
kaggle_278,Name skill medical after them.,995.7,Utilities,2020-12-18,Original Category: Utilities,,1.0,0,kaggle_dataset
kaggle_280,Run pick sign.,208.43,Other,2020-12-20,Original Category: Salary,,1.0,0,kaggle_dataset
kaggle_281,And national spend.,1447.66,Food,2020-12-20,Original Category: Food & Drink,,1.0,0,kaggle_dataset
kaggle_282,Wonder long consider care.,158.91,Utilities,2020-12-22,Original Category: Utilities,,1.0,0,kaggle_dataset
kaggle_283,Fall analysis.,683.74,Transport,2020-12-23,Original Category: Travel,,1.0,0,kaggle_dataset
kaggle_284,Firm financial.,1705.01,Utilities,2020-12-23,Original Category: Rent,,1.0,0,kaggle_dataset
kaggle_285,List already positive experience television.,1908.74,Shopping,2020-12-24,Original Category: Shopping,,1.0,0,kaggle_dataset
kaggle_286,Event son join hundred.,1746.04,Other,2020-12-25,Original Category: Salary,,1.0,0,kaggle_dataset
kaggle_288,Song risk bad.,1994.88,Transport,2020-12-28,Original Category: Travel,,1.0,0,kaggle_dataset
kaggle_289,Family bill foreign fast knowledge.,1956.89,Shopping,2020-12-30,Original Category: Shopping,,1.0,0,kaggle_dataset
kaggle_290,Ready goal amount.,892.92,Utilities,2020-12-31,Original Category: Rent,,1.0,0,kaggle_dataset
kaggle_291,Your ever woman way avoid.,101.52,Food,2021-01-01,Original Category: Food & Drink,,1.0,0,kaggle_dataset
kaggle_292,Message seek civil all.,723.34,Transport,2021-01-06,Original Category: Travel,,1.0,0,kaggle_dataset
kaggle_293,Call door.,1067.02,Entertainment,2021-01-06,Original Category: Entertainment,,1.0,0,kaggle_dataset
kaggle_294,Him note painting quickly.,348.27,Utilities,2021-01-08,Original Category: Utilities,,1.0,0,kaggle_dataset
kaggle_296,Economic box save.,472.06,Utilities,2021-01-10,Original Category: Utilities,,1.0,0,kaggle_dataset
kaggle_297,Hit no energy employee land.,518.1,Other,2021-01-11,Original Category: Salary,,1.0,0,kaggle_dataset
kaggle_299,Specific whose.,156.99,Utilities,2021-01-13,Original Category: Utilities,,1.0,0,kaggle_dataset
kaggle_300,Remember nearly face feel.,1281.49,Transport,2021-01-13,Original Category: Travel,,1.0,0,kaggle_dataset
kaggle_301,Soldier meeting building.,919.1,Transport,2021-01-14,Original Category: Travel,,1.0,0,kaggle_dataset
kaggle_302,Door management guess.,1708.14,Shopping,2021-01-14,Original Category: Shopping,,1.0,0,kaggle_dataset
kaggle_304,Huge response long.,53.66,Transport,2021-01-15,Original Category: Travel,,1.0,0,kaggle_dataset
kaggle_305,Statement available win politics.,556.22,Shopping,2021-01-17,Original Category: Shopping,,1.0,0,kaggle_dataset
kaggle_306,Quite general there sister.,1822.13,Food,2021-01-17,Original Category: Food & Drink,,1.0,0,kaggle_dataset
kaggle_307,Item treat area.,1553.72,Transport,2021-01-19,Original Category: Travel,,1.0,0,kaggle_dataset
kaggle_308,Check clearly follow remember generation.,445.82,Other,2021-01-20,Original Category: Health & Fitness,,1.0,0,kaggle_dataset
kaggle_310,By field move.,624.78,Food,2021-01-26,Original Category: Food & Drink,,1.0,0,kaggle_dataset
kaggle_311,Option oil commercial.,1467.4,Other,2021-01-27,Original Category: Health & Fitness,,1.0,0,kaggle_dataset
kaggle_313,Short indicate police.,409.58,Utilities,2021-01-27,Original Category: Utilities,,1.0,0,kaggle_dataset
kaggle_314,Nation politics few each southern.,1066.4,Other,2021-01-27,Original Category: Health & Fitness,,1.0,0,kaggle_dataset
kaggle_315,Law read citizen.,521.37,Utilities,2021-01-29,Original Category: Utilities,,1.0,0,kaggle_dataset
kaggle_316,Less future century technology.,1935.09,Other,2021-02-02,Original Category: Salary,,1.0,0,kaggle_dataset
kaggle_317,Wish candidate have no.,1610.42,Other,2021-02-05,Original Category: Health & Fitness,,1.0,0,kaggle_dataset
kaggle_318,Letter environment easy.,290.11,Utilities,2021-02-05,Original Category: Rent,,1.0,0,kaggle_dataset
kaggle_319,Face his.,1934.87,Shopping,2021-02-08,Original Category: Shopping,,1.0,0,kaggle_dataset
kaggle_320,While total spend.,189.7,Other,2021-02-08,Original Category: Health & Fitness,,1.0,0,kaggle_dataset
kaggle_321,Couple city you level.,1077.78,Transport,2021-02-09,Original Category: Travel,,1.0,0,kaggle_dataset
kaggle_322,Age war measure whom.,1173.27,Transport,2021-02-09,Original Category: Travel,,1.0,0,kaggle_dataset
kaggle_323,Good anything manager think pressure.,225.61,Other,2021-02-11,Original Category: Health & Fitness,,1.0,0,kaggle_dataset
kaggle_324,Mr suggest issue.,1242.9,Food,2021-02-11,Original Category: Food & Drink,,1.0,0,kaggle_dataset
kaggle_325,Shake hand hundred now.,1831.36,Other,2021-02-13,Original Category: Health & Fitness,,1.0,0,kaggle_dataset
kaggle_326,Network available mean share.,1274.45,Utilities,2021-02-16,Original Category: Rent,,1.0,0,kaggle_dataset
kaggle_327,Quite budget window hour some.,1301.99,Transport,2021-02-18,Original Category: Travel,,1.0,0,kaggle_dataset
kaggle_329,Case four.,241.08,Other,2021-02-20,Original Category: Salary,,1.0,0,kaggle_dataset
kaggle_330,Lead paper middle foreign party.,783.41,Utilities,2021-02-21,Original Category: Utilities,,1.0,0,kaggle_dataset
kaggle_331,Wrong school federal from.,1178.81,Shopping,2021-02-23,Original Category: Shopping,,1.0,0,kaggle_dataset
kaggle_332,Majority none little admit former.,1313.29,Shopping,2021-02-24,Original Category: Shopping,,1.0,0,kaggle_dataset
kaggle_333,On someone rise read.,1878.72,Shopping,2021-02-27,Original Category: Shopping,,1.0,0,kaggle_dataset
kaggle_334,Listen whose situation simply officer.,442.37,Other,2021-02-28,Original Category: Health & Fitness,,1.0,0,kaggle_dataset
kaggle_335,Lose modern return simple herself.,1712.35,Entertainment,2021-03-02,Original Category: Entertainment,,1.0,0,kaggle_dataset
kaggle_337,Kid industry.,130.49,Other,2021-03-02,Original Category: Health & Fitness,,1.0,0,kaggle_dataset
kaggle_338,Improve simple turn.,1898.53,Utilities,2021-03-04,Original Category: Rent,,1.0,0,kaggle_dataset
kaggle_339,Million night your.,1328.91,Utilities,2021-03-05,Original Category: Rent,,1.0,0,kaggle_dataset
kaggle_340,Heavy what least mouth national.,110.65,Food,2021-03-05,Original Category: Food & Drink,,1.0,0,kaggle_dataset
kaggle_341,Machine whatever everything fear walk.,1576.09,Utilities,2021-03-07,Original Category: Utilities,,1.0,0,kaggle_dataset
kaggle_342,Relate real major.,1176.9,Entertainment,2021-03-07,Original Category: Entertainment,,1.0,0,kaggle_dataset
kaggle_343,Night various return explain.,663.83,Entertainment,2021-03-08,Original Category: Entertainment,,1.0,0,kaggle_dataset
kaggle_345,Explain research.,1975.18,Utilities,2021-03-09,Original Category: Utilities,,1.0,0,kaggle_dataset
kaggle_346,Pretty section degree still.,228.75,Utilities,2021-03-10,Original Category: Utilities,,1.0,0,kaggle_dataset
kaggle_347,Receive case past only drug.,39.57,Utilities,2021-03-12,Original Category: Utilities,,1.0,0,kaggle_dataset
kaggle_348,Point appear including.,1181.82,Entertainment,2021-03-15,Original Category: Entertainment,,1.0,0,kaggle_dataset
kaggle_352,Present discussion.,1031.34,Other,2021-03-17,Original Category: Health & Fitness,,1.0,0,kaggle_dataset
kaggle_354,Small control see the.,921.5,Transport,2021-03-18,Original Category: Travel,,1.0,0,kaggle_dataset
kaggle_355,Across nothing.,1997.19,Food,2021-03-19,Original Category: Food & Drink,,1.0,0,kaggle_dataset
kaggle_356,Expect writer myself management.,1375.33,Shopping,2021-03-20,Original Category: Shopping,,1.0,0,kaggle_dataset
kaggle_357,Life cover both class.,156.25,Other,2021-03-21,Original Category: Salary,,1.0,0,kaggle_dataset
kaggle_360,Foreign husband believe word local.,912.89,Transport,2021-03-22,Original Category: Travel,,1.0,0,kaggle_dataset
kaggle_361,End dog.,1588.26,Utilities,2021-03-23,Original Category: Rent,,1.0,0,kaggle_dataset
kaggle_363,Property let.,833.49,Entertainment,2021-03-24,Original Category: Entertainment,,1.0,0,kaggle_dataset
kaggle_364,Rather type thousand show.,837.82,Shopping,2021-03-25,Original Category: Shopping,,1.0,0,kaggle_dataset
kaggle_366,Lawyer writer health.,1907.65,Other,2021-03-27,Original Category: Health & Fitness,,1.0,0,kaggle_dataset
kaggle_367,Serious soon stay seven.,143.6,Other,2021-03-28,Original Category: Salary,,1.0,0,kaggle_dataset
kaggle_368,Land region back nor article.,869.43,Utilities,2021-03-29,Original Category: Rent,,1.0,0,kaggle_dataset
kaggle_369,Dark mr clearly take.,1625.42,Other,2021-03-30,Original Category: Health & Fitness,,1.0,0,kaggle_dataset
kaggle_370,Quite response.,1343.33,Other,2021-04-01,Original Category: Health & Fitness,,1.0,0,kaggle_dataset
kaggle_371,Together knowledge.,1737.5,Shopping,2021-04-02,Original Category: Shopping,,1.0,0,kaggle_dataset
kaggle_372,Car indeed nor next.,1204.82,Transport,2021-04-03,Original Category: Travel,,1.0,0,kaggle_dataset
kaggle_373,How staff.,317.91,Entertainment,2021-04-03,Original Category: Entertainment,,1.0,0,kaggle_dataset
kaggle_374,Authority interest red must art.,706.73,Utilities,2021-04-03,Original Category: Rent,,1.0,0,kaggle_dataset
kaggle_375,All important shoulder she.,1527.59,Utilities,2021-04-08,Original Category: Rent,,1.0,0,kaggle_dataset
kaggle_376,Year him thank trade.,1691.86,Shopping,2021-04-08,Original Category: Shopping,,1.0,0,kaggle_dataset
kaggle_377,Radio product.,1221.9,Food,2021-04-09,Original Category: Food & Drink,,1.0,0,kaggle_dataset
kaggle_378,President girl condition.,67.62,Transport,2021-04-11,Original Category: Travel,,1.0,0,kaggle_dataset
kaggle_379,More road development about.,1843.86,Transport,2021-04-11,Original Category: Travel,,1.0,0,kaggle_dataset
kaggle_380,Leg rest interest.,1741.03,Utilities,2021-04-12,Original Category: Utilities,,1.0,0,kaggle_dataset
kaggle_381,Easy get every.,148.47,Shopping,2021-04-13,Original Category: Shopping,,1.0,0,kaggle_dataset
kaggle_382,Special information.,192.6,Food,2021-04-18,Original Category: Food & Drink,,1.0,0,kaggle_dataset
kaggle_383,Deal beyond almost.,845.47,Shopping,2021-04-19,Original Category: Shopping,,1.0,0,kaggle_dataset
kaggle_384,Scientist i doctor.,630.16,Other,2021-04-19,Original Category: Health & Fitness,,1.0,0,kaggle_dataset
kaggle_385,Cell year.,1767.85,Utilities,2021-04-19,Original Category: Rent,,1.0,0,kaggle_dataset
kaggle_387,Determine feel article we they.,976.47,Shopping,2021-04-21,Original Category: Shopping,,1.0,0,kaggle_dataset
kaggle_388,Quickly new another general poor.,438.98,Transport,2021-04-23,Original Category: Travel,,1.0,0,kaggle_dataset
kaggle_389,Five indicate chance heavy senior.,865.53,Other,2021-04-23,Original Category: Health & Fitness,,1.0,0,kaggle_dataset
kaggle_390,Support feeling remain.,1058.6,Other,2021-04-24,Original Category: Salary,,1.0,0,kaggle_dataset
kaggle_391,None whose.,796.57,Entertainment,2021-04-27,Original Category: Entertainment,,1.0,0,kaggle_dataset
kaggle_392,Care drug data position two.,416.8,Food,2021-04-27,Original Category: Food & Drink,,1.0,0,kaggle_dataset
kaggle_393,Movie stop.,1530.68,Utilities,2021-04-27,Original Category: Utilities,,1.0,0,kaggle_dataset
kaggle_394,Help painting always.,25.38,Utilities,2021-04-30,Original Category: Rent,,1.0,0,kaggle_dataset
kaggle_395,Source onto provide.,267.08,Utilities,2021-05-02,Original Category: Utilities,,1.0,0,kaggle_dataset
kaggle_396,Decade trade field training.,1005.52,Entertainment,2021-05-04,Original Category: Entertainment,,1.0,0,kaggle_dataset
kaggle_397,While bring yourself.,153.43,Other,2021-05-04,Original Category: Health & Fitness,,1.0,0,kaggle_dataset
kaggle_398,Receive region however.,878.08,Food,2021-05-06,Original Category: Food & Drink,,1.0,0,kaggle_dataset
kaggle_399,Focus executive letter possible final.,1725.6,Utilities,2021-05-07,Original Category: Rent,,1.0,0,kaggle_dataset
kaggle_400,Third letter sort reveal seven.,1421.9,Shopping,2021-05-07,Original Category: Shopping,,1.0,0,kaggle_dataset
kaggle_401,Have including none.,816.01,Utilities,2021-05-07,Original Category: Rent,,1.0,0,kaggle_dataset
kaggle_402,Administration network once.,1604.63,Utilities,2021-05-10,Original Category: Utilities,,1.0,0,kaggle_dataset
kaggle_403,Charge form here.,185.38,Other,2021-05-11,Original Category: Health & Fitness,,1.0,0,kaggle_dataset
kaggle_404,Nearly want front shake.,877.0,Entertainment,2021-05-11,Original Category: Entertainment,,1.0,0,kaggle_dataset
kaggle_405,Leave run goal cause.,797.58,Utilities,2021-05-12,Original Category: Rent,,1.0,0,kaggle_dataset
kaggle_406,Contain threat wrong whatever.,450.93,Other,2021-05-14,Original Category: Health & Fitness,,1.0,0,kaggle_dataset
kaggle_407,Stuff avoid.,1025.86,Utilities,2021-05-14,Original Category: Rent,,1.0,0,kaggle_dataset
kaggle_409,Religious across.,480.18,Utilities,2021-05-17,Original Category: Utilities,,1.0,0,kaggle_dataset
kaggle_411,Administration mother in admit.,362.52,Utilities,2021-05-22,Original Category: Rent,,1.0,0,kaggle_dataset
kaggle_412,Within admit spend purpose south.,933.27,Other,2021-05-23,Original Category: Salary,,1.0,0,kaggle_dataset
kaggle_413,Truth modern.,1365.46,Other,2021-05-24,Original Category: Salary,,1.0,0,kaggle_dataset
kaggle_414,People education great.,1729.85,Other,2021-05-24,Original Category: Health & Fitness,,1.0,0,kaggle_dataset
kaggle_415,Health image.,885.13,Utilities,2021-05-24,Original Category: Utilities,,1.0,0,kaggle_dataset
kaggle_416,Wrong difficult range.,1594.7,Transport,2021-05-25,Original Category: Travel,,1.0,0,kaggle_dataset
kaggle_417,Behavior here.,1019.6,Other,2021-05-25,Original Category: Health & Fitness,,1.0,0,kaggle_dataset
kaggle_418,Argue act commercial matter.,84.84,Other,2021-05-27,Original Category: Salary,,1.0,0,kaggle_dataset
kaggle_419,Not teach believe month.,162.69,Transport,2021-05-27,Original Category: Travel,,1.0,0,kaggle_dataset
kaggle_420,Deep test thought.,1233.87,Utilities,2021-05-29,Original Category: Rent,,1.0,0,kaggle_dataset
kaggle_421,Another avoid understand.,1164.86,Other,2021-05-30,Original Category: Salary,,1.0,0,kaggle_dataset
kaggle_422,Probably conference sure administration debate.,904.97,Food,2021-05-31,Original Category: Food & Drink,,1.0,0,kaggle_dataset
kaggle_423,Up federal nor note.,649.84,Entertainment,2021-05-31,Original Category: Entertainment,,1.0,0,kaggle_dataset
kaggle_424,Forward sense cause write right.,1915.87,Utilities,2021-06-02,Original Category: Utilities,,1.0,0,kaggle_dataset
kaggle_425,Approach join stuff future.,1964.95,Other,2021-06-02,Original Category: Health & Fitness,,1.0,0,kaggle_dataset
kaggle_427,Wait it quickly produce beat.,1982.06,Other,2021-06-06,Original Category: Salary,,1.0,0,kaggle_dataset
kaggle_428,Require bank child.,734.16,Utilities,2021-06-06,Original Category: Utilities,,1.0,0,kaggle_dataset
kaggle_429,First blood accept final.,823.45,Shopping,2021-06-06,Original Category: Shopping,,1.0,0,kaggle_dataset
kaggle_430,Bill beautiful issue.,1580.56,Food,2021-06-09,Original Category: Food & Drink,,1.0,0,kaggle_dataset
kaggle_431,Mention billion bed never others.,666.08,Utilities,2021-06-11,Original Category: Rent,,1.0,0,kaggle_dataset
kaggle_432,Activity including single right.,575.45,Shopping,2021-06-11,Original Category: Shopping,,1.0,0,kaggle_dataset
kaggle_433,Occur college herself.,673.39,Utilities,2021-06-14,Original Category: Utilities,,1.0,0,kaggle_dataset
kaggle_434,Feeling manage as.,1834.33,Utilities,2021-06-15,Original Category: Utilities,,1.0,0,kaggle_dataset
kaggle_435,Inside machine baby.,266.61,Shopping,2021-06-16,Original Category: Shopping,,1.0,0,kaggle_dataset
kaggle_436,Result many pattern.,626.07,Utilities,2021-06-20,Original Category: Rent,,1.0,0,kaggle_dataset
kaggle_437,Career according.,1628.24,Other,2021-06-20,Original Category: Health & Fitness,,1.0,0,kaggle_dataset
kaggle_438,Success here television key.,1295.59,Utilities,2021-06-22,Original Category: Rent,,1.0,0,kaggle_dataset
kaggle_439,Carry fly water cut fire.,46.28,Other,2021-06-23,Original Category: Health & Fitness,,1.0,0,kaggle_dataset
kaggle_440,Fact reason make office.,690.05,Entertainment,2021-06-24,Original Category: Entertainment,,1.0,0,kaggle_dataset
kaggle_441,Heavy staff hotel box.,460.82,Entertainment,2021-06-26,Original Category: Entertainment,,1.0,0,kaggle_dataset
kaggle_443,Well left.,1020.3,Utilities,2021-06-28,Original Category: Rent,,1.0,0,kaggle_dataset
kaggle_444,Something story attorney summer.,1327.24,Food,2021-06-28,Original Category: Food & Drink,,1.0,0,kaggle_dataset
kaggle_445,Cause field education child.,1198.52,Utilities,2021-06-28,Original Category: Utilities,,1.0,0,kaggle_dataset
kaggle_447,Myself so growth time.,827.61,Food,2021-06-29,Original Category: Food & Drink,,1.0,0,kaggle_dataset
kaggle_448,Point be shoulder price great.,1939.48,Entertainment,2021-07-04,Original Category: Entertainment,,1.0,0,kaggle_dataset
kaggle_449,Worker quality hundred sell whole.,475.67,Other,2021-07-04,Original Category: Salary,,1.0,0,kaggle_dataset
kaggle_450,Action else.,1808.91,Other,2021-07-04,Original Category: Salary,,1.0,0,kaggle_dataset
kaggle_452,General agency bit.,1010.78,Shopping,2021-07-07,Original Category: Shopping,,1.0,0,kaggle_dataset
kaggle_453,Break wait.,1635.61,Utilities,2021-07-09,Original Category: Utilities,,1.0,0,kaggle_dataset
kaggle_454,Find lay deal lot.,1747.27,Utilities,2021-07-09,Original Category: Utilities,,1.0,0,kaggle_dataset
kaggle_456,Feel special.,1425.69,Utilities,2021-07-10,Original Category: Rent,,1.0,0,kaggle_dataset
kaggle_457,Support possible.,577.28,Utilities,2021-07-11,Original Category: Rent,,1.0,0,kaggle_dataset
kaggle_458,Might necessary former.,904.15,Transport,2021-07-11,Original Category: Travel,,1.0,0,kaggle_dataset
kaggle_459,Discussion if continue policy.,192.51,Shopping,2021-07-11,Original Category: Shopping,,1.0,0,kaggle_dataset
kaggle_460,Ahead pass culture or.,1770.41,Other,2021-07-12,Original Category: Salary,,1.0,0,kaggle_dataset
kaggle_461,Relate day.,115.98,Shopping,2021-07-13,Original Category: Shopping,,1.0,0,kaggle_dataset
kaggle_462,Big the cost for leader.,778.47,Entertainment,2021-07-14,Original Category: Entertainment,,1.0,0,kaggle_dataset
kaggle_464,Girl suddenly.,1679.96,Utilities,2021-07-19,Original Category: Rent,,1.0,0,kaggle_dataset
kaggle_465,Try opportunity public.,283.82,Utilities,2021-07-19,Original Category: Utilities,,1.0,0,kaggle_dataset
kaggle_466,Draw bring health.,1395.18,Other,2021-07-23,Original Category: Salary,,1.0,0,kaggle_dataset
kaggle_468,Never majority cell.,47.82,Utilities,2021-07-24,Original Category: Rent,,1.0,0,kaggle_dataset
kaggle_469,People tend weight machine.,1102.12,Utilities,2021-07-28,Original Category: Utilities,,1.0,0,kaggle_dataset
kaggle_470,White measure manager range.,231.26,Shopping,2021-07-29,Original Category: Shopping,,1.0,0,kaggle_dataset
kaggle_471,Major bar air set.,252.48,Transport,2021-08-02,Original Category: Travel,,1.0,0,kaggle_dataset
kaggle_472,Ever mrs.,134.99,Other,2021-08-06,Original Category: Salary,,1.0,0,kaggle_dataset
kaggle_473,Not significant manager member.,1197.51,Other,2021-08-07,Original Category: Salary,,1.0,0,kaggle_dataset
kaggle_475,State among rest national wrong.,1233.47,Food,2021-08-08,Original Category: Food & Drink,,1.0,0,kaggle_dataset
kaggle_476,Fear yourself last.,382.75,Shopping,2021-08-09,Original Category: Shopping,,1.0,0,kaggle_dataset
kaggle_477,Keep yes.,144.68,Other,2021-08-11,Original Category: Health & Fitness,,1.0,0,kaggle_dataset
kaggle_478,Specific onto go.,787.0,Food,2021-08-13,Original Category: Food & Drink,,1.0,0,kaggle_dataset
kaggle_479,Pattern size spend.,1962.27,Shopping,2021-08-13,Original Category: Shopping,,1.0,0,kaggle_dataset
kaggle_480,Go exactly much food region.,720.62,Food,2021-08-15,Original Category: Food & Drink,,1.0,0,kaggle_dataset
kaggle_482,Yeah term.,275.49,Other,2021-08-18,Original Category: Health & Fitness,,1.0,0,kaggle_dataset
kaggle_483,Economic represent stock.,1628.88,Other,2021-08-20,Original Category: Health & Fitness,,1.0,0,kaggle_dataset
kaggle_485,Idea seek.,135.57,Utilities,2021-08-21,Original Category: Utilities,,1.0,0,kaggle_dataset
kaggle_486,Wear force able similar.,83.6,Other,2021-08-22,Original Category: Salary,,1.0,0,kaggle_dataset
kaggle_487,Play recently sure somebody.,1772.72,Entertainment,2021-08-23,Original Category: Entertainment,,1.0,0,kaggle_dataset
kaggle_488,Why station manager.,1035.61,Transport,2021-08-24,Original Category: Travel,,1.0,0,kaggle_dataset
kaggle_489,Front official not.,514.09,Other,2021-08-25,Original Category: Salary,,1.0,0,kaggle_dataset
kaggle_490,Thus several animal phone.,579.36,Entertainment,2021-08-27,Original Category: Entertainment,,1.0,0,kaggle_dataset
kaggle_491,Buy tax.,1732.94,Food,2021-08-29,Original Category: Food & Drink,,1.0,0,kaggle_dataset
kaggle_492,A when dark read.,1600.69,Utilities,2021-09-05,Original Category: Rent,,1.0,0,kaggle_dataset
kaggle_493,City usually ever.,1489.18,Shopping,2021-09-06,Original Category: Shopping,,1.0,0,kaggle_dataset
kaggle_494,Bar professor power.,684.68,Shopping,2021-09-09,Original Category: Shopping,,1.0,0,kaggle_dataset
kaggle_496,Ability live.,1604.28,Transport,2021-09-09,Original Category: Travel,,1.0,0,kaggle_dataset
kaggle_497,Difficult quite act receive stage.,866.91,Utilities,2021-09-10,Original Category: Rent,,1.0,0,kaggle_dataset
kaggle_498,Local director become.,1095.49,Utilities,2021-09-11,Original Category: Utilities,,1.0,0,kaggle_dataset
kaggle_499,Finish thing.,662.56,Utilities,2021-09-11,Original Category: Rent,,1.0,0,kaggle_dataset
kaggle_500,Similar send card year.,1209.22,Other,2021-09-11,Original Category: Salary,,1.0,0,kaggle_dataset
kaggle_501,Most across.,709.58,Other,2021-09-11,Original Category: Salary,,1.0,0,kaggle_dataset
kaggle_503,Beautiful beyond sell.,159.33,Food,2021-09-16,Original Category: Food & Drink,,1.0,0,kaggle_dataset
kaggle_504,White fire cause everybody.,1031.04,Other,2021-09-16,Original Category: Health & Fitness,,1.0,0,kaggle_dataset
kaggle_505,Network outside parent.,1906.05,Utilities,2021-09-17,Original Category: Utilities,,1.0,0,kaggle_dataset
kaggle_508,History drop point audience.,1214.14,Food,2021-09-19,Original Category: Food & Drink,,1.0,0,kaggle_dataset
kaggle_509,Value car team nothing.,750.31,Other,2021-09-19,Original Category: Health & Fitness,,1.0,0,kaggle_dataset
kaggle_510,Raise several west side admit.,1063.63,Utilities,2021-09-19,Original Category: Utilities,,1.0,0,kaggle_dataset
kaggle_511,Energy always.,506.73,Transport,2021-09-20,Original Category: Travel,,1.0,0,kaggle_dataset
kaggle_513,Policy mrs.,530.94,Utilities,2021-09-28,Original Category: Rent,,1.0,0,kaggle_dataset
kaggle_514,Base bad tv.,437.0,Other,2021-10-01,Original Category: Salary,,1.0,0,kaggle_dataset
kaggle_515,Force only shake power poor.,408.35,Other,2021-10-07,Original Category: Salary,,1.0,0,kaggle_dataset
kaggle_518,Budget remain reduce.,1339.0,Other,2021-10-13,Original Category: Health & Fitness,,1.0,0,kaggle_dataset
kaggle_519,Well mission situation result.,1783.75,Transport,2021-10-13,Original Category: Travel,,1.0,0,kaggle_dataset
kaggle_520,Camera sit environmental though.,1589.46,Utilities,2021-10-16,Original Category: Utilities,,1.0,0,kaggle_dataset
kaggle_521,Southern evening ask republican.,1970.41,Utilities,2021-10-20,Original Category: Rent,,1.0,0,kaggle_dataset
kaggle_522,Baby lawyer growth matter note.,1582.84,Entertainment,2021-10-21,Original Category: Entertainment,,1.0,0,kaggle_dataset
kaggle_524,Scientist able teach.,1227.78,Utilities,2021-10-24,Original Category: Utilities,,1.0,0,kaggle_dataset
kaggle_526,Need trial.,1056.13,Other,2021-10-27,Original Category: Salary,,1.0,0,kaggle_dataset
kaggle_527,Focus indicate result.,259.4,Utilities,2021-10-27,Original Category: Rent,,1.0,0,kaggle_dataset
kaggle_528,Number budget.,905.45,Utilities,2021-10-30,Original Category: Rent,,1.0,0,kaggle_dataset
kaggle_529,Development middle animal.,265.39,Other,2021-11-03,Original Category: Health & Fitness,,1.0,0,kaggle_dataset
kaggle_530,Theory tend.,1537.89,Utilities,2021-11-04,Original Category: Utilities,,1.0,0,kaggle_dataset
kaggle_532,Drug happy will young simply.,337.67,Transport,2021-11-05,Original Category: Travel,,1.0,0,kaggle_dataset
kaggle_533,Character usually agency.,698.59,Entertainment,2021-11-06,Original Category: Entertainment,,1.0,0,kaggle_dataset
kaggle_534,Player really act friend.,1693.41,Transport,2021-11-07,Original Category: Travel,,1.0,0,kaggle_dataset
kaggle_535,Billion morning draw.,259.09,Transport,2021-11-10,Original Category: Travel,,1.0,0,kaggle_dataset
kaggle_536,Win central.,1010.12,Utilities,2021-11-15,Original Category: Rent,,1.0,0,kaggle_dataset
kaggle_538,Red head window be.,1686.63,Other,2021-11-17,Original Category: Health & Fitness,,1.0,0,kaggle_dataset
kaggle_539,Card star avoid nothing.,171.63,Food,2021-11-18,Original Category: Food & Drink,,1.0,0,kaggle_dataset
kaggle_540,Door end fire.,1305.75,Transport,2021-11-18,Original Category: Travel,,1.0,0,kaggle_dataset
kaggle_541,Fish evening avoid dark.,1240.04,Shopping,2021-11-19,Original Category: Shopping,,1.0,0,kaggle_dataset
kaggle_543,Image movie who debate.,601.89,Shopping,2021-11-21,Original Category: Shopping,,1.0,0,kaggle_dataset
kaggle_545,Structure foreign before.,934.24,Other,2021-11-23,Original Category: Salary,,1.0,0,kaggle_dataset
kaggle_546,How any federal star.,632.04,Utilities,2021-11-26,Original Category: Utilities,,1.0,0,kaggle_dataset
kaggle_547,Weight take.,1950.99,Other,2021-11-27,Original Category: Health & Fitness,,1.0,0,kaggle_dataset
kaggle_549,Cup hundred rather.,491.06,Other,2021-12-01,Original Category: Health & Fitness,,1.0,0,kaggle_dataset
kaggle_552,Walk anything.,504.06,Shopping,2021-12-03,Original Category: Shopping,,1.0,0,kaggle_dataset
kaggle_553,Start house ahead raise.,1628.82,Utilities,2021-12-08,Original Category: Utilities,,1.0,0,kaggle_dataset
kaggle_554,Democrat cost evidence third.,387.77,Other,2021-12-09,Original Category: Health & Fitness,,1.0,0,kaggle_dataset
kaggle_556,Evidence case.,56.12,Other,2021-12-11,Original Category: Salary,,1.0,0,kaggle_dataset
kaggle_557,Eat yes myself affect him.,1933.71,Other,2021-12-12,Original Category: Salary,,1.0,0,kaggle_dataset
kaggle_558,Name machine tree maybe.,106.83,Other,2021-12-13,Original Category: Health & Fitness,,1.0,0,kaggle_dataset
kaggle_559,Conference five despite.,578.64,Other,2021-12-13,Original Category: Salary,,1.0,0,kaggle_dataset
kaggle_562,Offer work home.,100.03,Other,2021-12-16,Original Category: Health & Fitness,,1.0,0,kaggle_dataset
kaggle_564,Agreement red way nor none.,778.83,Utilities,2021-12-20,Original Category: Rent,,1.0,0,kaggle_dataset
kaggle_565,My compare also argue.,1652.37,Transport,2021-12-20,Original Category: Travel,,1.0,0,kaggle_dataset
kaggle_566,Money a.,266.04,Utilities,2021-12-23,Original Category: Rent,,1.0,0,kaggle_dataset
kaggle_568,Against only.,1512.38,Other,2021-12-26,Original Category: Health & Fitness,,1.0,0,kaggle_dataset
kaggle_571,Wish run join.,1043.47,Other,2022-01-01,Original Category: Salary,,1.0,0,kaggle_dataset
kaggle_573,Program sport her.,333.38,Other,2022-01-03,Original Category: Health & Fitness,,1.0,0,kaggle_dataset
kaggle_574,Concern ability reduce.,1191.51,Transport,2022-01-03,Original Category: Travel,,1.0,0,kaggle_dataset
kaggle_575,Surface side nothing consider.,1420.39,Other,2022-01-04,Original Category: Salary,,1.0,0,kaggle_dataset
kaggle_576,Determine not view cell seat.,743.03,Food,2022-01-05,Original Category: Food & Drink,,1.0,0,kaggle_dataset
kaggle_577,Word collection those become.,1171.57,Shopping,2022-01-06,Original Category: Shopping,,1.0,0,kaggle_dataset
kaggle_578,Activity decide really go.,1197.85,Food,2022-01-08,Original Category: Food & Drink,,1.0,0,kaggle_dataset
kaggle_579,Answer just.,1445.59,Entertainment,2022-01-09,Original Category: Entertainment,,1.0,0,kaggle_dataset
kaggle_580,This manage her.,1053.22,Utilities,2022-01-13,Original Category: Utilities,,1.0,0,kaggle_dataset
kaggle_581,Big look tell prepare.,304.07,Shopping,2022-01-13,Original Category: Shopping,,1.0,0,kaggle_dataset
kaggle_582,Later son almost.,1149.41,Food,2022-01-14,Original Category: Food & Drink,,1.0,0,kaggle_dataset
kaggle_583,End bit game thousand.,47.69,Entertainment,2022-01-16,Original Category: Entertainment,,1.0,0,kaggle_dataset
kaggle_584,Natural together.,831.79,Utilities,2022-01-16,Original Category: Utilities,,1.0,0,kaggle_dataset
kaggle_585,Order party lot all.,1746.91,Other,2022-01-18,Original Category: Salary,,1.0,0,kaggle_dataset
kaggle_586,Threat church big day couple.,1414.49,Food,2022-01-18,Original Category: Food & Drink,,1.0,0,kaggle_dataset
kaggle_587,Enter example down anyone occur.,1996.26,Other,2022-01-21,Original Category: Health & Fitness,,1.0,0,kaggle_dataset
kaggle_588,Approach about because.,634.37,Shopping,2022-01-21,Original Category: Shopping,,1.0,0,kaggle_dataset
kaggle_590,Such final however major.,1224.05,Transport,2022-01-23,Original Category: Travel,,1.0,0,kaggle_dataset
kaggle_592,Hard knowledge enjoy let.,1883.56,Entertainment,2022-01-28,Original Category: Entertainment,,1.0,0,kaggle_dataset
kaggle_593,Nor character recent.,1412.75,Transport,2022-02-01,Original Category: Travel,,1.0,0,kaggle_dataset
kaggle_594,Property space.,640.91,Other,2022-02-02,Original Category: Salary,,1.0,0,kaggle_dataset
kaggle_595,Dinner article hit mission whole.,582.7,Transport,2022-02-05,Original Category: Travel,,1.0,0,kaggle_dataset
kaggle_596,Think live bad total research.,1792.56,Shopping,2022-02-05,Original Category: Shopping,,1.0,0,kaggle_dataset
kaggle_597,Too song quality per build.,1909.67,Other,2022-02-06,Original Category: Health & Fitness,,1.0,0,kaggle_dataset
kaggle_598,We cold deep.,93.71,Transport,2022-02-08,Original Category: Travel,,1.0,0,kaggle_dataset
kaggle_599,Amount bad raise.,699.26,Utilities,2022-02-08,Original Category: Rent,,1.0,0,kaggle_dataset
kaggle_600,Challenge organization floor road southern.,1497.2,Transport,2022-02-09,Original Category: Travel,,1.0,0,kaggle_dataset
kaggle_601,News need task mind.,1866.72,Transport,2022-02-10,Original Category: Travel,,1.0,0,kaggle_dataset
kaggle_602,Onto site both change note.,227.36,Utilities,2022-02-10,Original Category: Utilities,,1.0,0,kaggle_dataset
kaggle_603,Understand none.,492.49,Entertainment,2022-02-10,Original Category: Entertainment,,1.0,0,kaggle_dataset
kaggle_604,Test they there.,1279.51,Entertainment,2022-02-10,Original Category: Entertainment,,1.0,0,kaggle_dataset
kaggle_606,Peace race i.,1365.57,Utilities,2022-02-14,Original Category: Rent,,1.0,0,kaggle_dataset
kaggle_608,Full soldier.,960.12,Other,2022-02-17,Original Category: Salary,,1.0,0,kaggle_dataset
kaggle_610,Feel season similar.,1816.79,Food,2022-02-17,Original Category: Food & Drink,,1.0,0,kaggle_dataset
kaggle_612,Tree imagine machine.,1827.33,Food,2022-02-21,Original Category: Food & Drink,,1.0,0,kaggle_dataset
kaggle_614,Career surface these ahead.,1578.04,Shopping,2022-02-22,Original Category: Shopping,,1.0,0,kaggle_dataset
kaggle_617,Drop major.,1779.63,Other,2022-03-01,Original Category: Salary,,1.0,0,kaggle_dataset
kaggle_621,Positive question especially.,1475.87,Food,2022-03-07,Original Category: Food & Drink,,1.0,0,kaggle_dataset
kaggle_622,After sister should across treatment.,359.23,Entertainment,2022-03-07,Original Category: Entertainment,,1.0,0,kaggle_dataset
kaggle_623,Song difference part wall require.,1655.71,Shopping,2022-03-12,Original Category: Shopping,,1.0,0,kaggle_dataset
kaggle_624,Time surface learn design.,807.66,Utilities,2022-03-14,Original Category: Rent,,1.0,0,kaggle_dataset
kaggle_626,Positive participant fear blue as.,23.59,Entertainment,2022-03-17,Original Category: Entertainment,,1.0,0,kaggle_dataset
kaggle_627,Technology end represent throughout.,1509.98,Other,2022-03-18,Original Category: Salary,,1.0,0,kaggle_dataset
kaggle_628,Change she tonight.,1169.1,Transport,2022-03-18,Original Category: Travel,,1.0,0,kaggle_dataset
kaggle_629,Race return pretty young.,1310.83,Transport,2022-03-18,Original Category: Travel,,1.0,0,kaggle_dataset
kaggle_630,Identify say on yes.,1338.89,Food,2022-03-20,Original Category: Food & Drink,,1.0,0,kaggle_dataset
kaggle_631,Risk develop movement size.,816.78,Utilities,2022-03-20,Original Category: Utilities,,1.0,0,kaggle_dataset
kaggle_632,Feel color price next.,1383.68,Transport,2022-03-22,Original Category: Travel,,1.0,0,kaggle_dataset
kaggle_633,Likely scientist.,741.41,Transport,2022-03-23,Original Category: Travel,,1.0,0,kaggle_dataset
kaggle_634,Water tonight pressure.,961.58,Utilities,2022-03-23,Original Category: Utilities,,1.0,0,kaggle_dataset
kaggle_635,Development the inside thought.,837.53,Other,2022-03-24,Original Category: Health & Fitness,,1.0,0,kaggle_dataset
kaggle_636,One less brother.,1517.13,Other,2022-03-25,Original Category: Salary,,1.0,0,kaggle_dataset
kaggle_637,Oil per line create build.,1526.1,Entertainment,2022-03-26,Original Category: Entertainment,,1.0,0,kaggle_dataset
kaggle_638,Fear approach take case customer.,1055.76,Utilities,2022-03-27,Original Category: Rent,,1.0,0,kaggle_dataset
kaggle_639,Throughout would century television congress.,165.42,Other,2022-03-28,Original Category: Health & Fitness,,1.0,0,kaggle_dataset
kaggle_640,Forward would finish around.,1659.26,Food,2022-03-28,Original Category: Food & Drink,,1.0,0,kaggle_dataset
kaggle_641,Decide similar office.,1149.68,Entertainment,2022-03-28,Original Category: Entertainment,,1.0,0,kaggle_dataset
kaggle_643,Investment local above move.,1436.67,Entertainment,2022-03-29,Original Category: Entertainment,,1.0,0,kaggle_dataset
kaggle_644,Throughout series.,1619.3,Other,2022-03-29,Original Category: Salary,,1.0,0,kaggle_dataset
kaggle_645,Adult above safe.,919.03,Shopping,2022-03-31,Original Category: Shopping,,1.0,0,kaggle_dataset
kaggle_647,Fear fact.,516.37,Shopping,2022-03-31,Original Category: Shopping,,1.0,0,kaggle_dataset
kaggle_650,Difference world deep.,1869.82,Food,2022-04-01,Original Category: Food & Drink,,1.0,0,kaggle_dataset
kaggle_652,Perhaps order answer blue structure.,1540.25,Utilities,2022-04-02,Original Category: Utilities,,1.0,0,kaggle_dataset
kaggle_653,Indicate herself.,755.18,Shopping,2022-04-02,Original Category: Shopping,,1.0,0,kaggle_dataset
kaggle_654,Listen check receive.,1740.54,Other,2022-04-03,Original Category: Salary,,1.0,0,kaggle_dataset
kaggle_655,Inside big minute.,169.7,Shopping,2022-04-03,Original Category: Shopping,,1.0,0,kaggle_dataset
kaggle_656,Store bit responsibility brother.,1310.53,Utilities,2022-04-04,Original Category: Utilities,,1.0,0,kaggle_dataset
kaggle_657,Marriage participant.,1985.77,Utilities,2022-04-05,Original Category: Utilities,,1.0,0,kaggle_dataset
kaggle_658,Win group important civil nature.,1458.44,Utilities,2022-04-08,Original Category: Utilities,,1.0,0,kaggle_dataset
kaggle_659,Former able public trade.,1514.8,Food,2022-04-09,Original Category: Food & Drink,,1.0,0,kaggle_dataset
kaggle_660,Chance bed memory rich.,1350.26,Other,2022-04-09,Original Category: Salary,,1.0,0,kaggle_dataset
kaggle_661,Popular lead with.,1648.49,Shopping,2022-04-10,Original Category: Shopping,,1.0,0,kaggle_dataset
kaggle_662,Anyone spend them system.,318.69,Other,2022-04-10,Original Category: Health & Fitness,,1.0,0,kaggle_dataset
kaggle_664,Professional color group.,1233.7,Shopping,2022-04-18,Original Category: Shopping,,1.0,0,kaggle_dataset
kaggle_665,Environmental run head garden box.,488.93,Food,2022-04-18,Original Category: Food & Drink,,1.0,0,kaggle_dataset
kaggle_667,Car risk.,497.02,Food,2022-04-22,Original Category: Food & Drink,,1.0,0,kaggle_dataset
kaggle_669,Consider here grow agreement.,288.87,Food,2022-04-24,Original Category: Food & Drink,,1.0,0,kaggle_dataset
kaggle_670,Turn both in animal.,1633.41,Entertainment,2022-04-24,Original Category: Entertainment,,1.0,0,kaggle_dataset
kaggle_671,Actually than modern season.,1159.17,Other,2022-04-29,Original Category: Health & Fitness,,1.0,0,kaggle_dataset
kaggle_672,Within prove full.,481.44,Other,2022-04-30,Original Category: Health & Fitness,,1.0,0,kaggle_dataset
kaggle_673,Believe product eat generation put.,832.98,Entertainment,2022-05-02,Original Category: Entertainment,,1.0,0,kaggle_dataset
kaggle_674,Stuff next write.,1255.73,Utilities,2022-05-02,Original Category: Utilities,,1.0,0,kaggle_dataset
kaggle_675,Poor church.,103.3,Other,2022-05-03,Original Category: Salary,,1.0,0,kaggle_dataset
kaggle_676,Thank avoid man drive.,1573.75,Shopping,2022-05-05,Original Category: Shopping,,1.0,0,kaggle_dataset
kaggle_677,Medical nearly.,822.44,Shopping,2022-05-05,Original Category: Shopping,,1.0,0,kaggle_dataset
kaggle_678,Stage bad know of.,1511.29,Utilities,2022-05-06,Original Category: Utilities,,1.0,0,kaggle_dataset
kaggle_679,Language budget market president.,608.47,Entertainment,2022-05-07,Original Category: Entertainment,,1.0,0,kaggle_dataset
kaggle_680,Include news a before.,1830.33,Other,2022-05-07,Original Category: Salary,,1.0,0,kaggle_dataset
kaggle_681,None pressure lay future stay.,1119.0,Shopping,2022-05-07,Original Category: Shopping,,1.0,0,kaggle_dataset
kaggle_683,Box service develop game.,1845.23,Utilities,2022-05-08,Original Category: Rent,,1.0,0,kaggle_dataset
kaggle_684,Miss reduce animal clearly cell.,1075.91,Utilities,2022-05-09,Original Category: Rent,,1.0,0,kaggle_dataset
kaggle_685,Effect cultural.,544.24,Food,2022-05-09,Original Category: Food & Drink,,1.0,0,kaggle_dataset
kaggle_686,Democratic station course full.,1748.5,Food,2022-05-11,Original Category: Food & Drink,,1.0,0,kaggle_dataset
kaggle_688,Leader operation mean white.,613.34,Other,2022-05-13,Original Category: Health & Fitness,,1.0,0,kaggle_dataset
kaggle_689,Save network item one under.,1874.95,Entertainment,2022-05-14,Original Category: Entertainment,,1.0,0,kaggle_dataset
kaggle_690,Community spring billion price paper.,1496.29,Utilities,2022-05-19,Original Category: Rent,,1.0,0,kaggle_dataset
kaggle_691,Thing industry participant realize.,1394.3,Entertainment,2022-05-19,Original Category: Entertainment,,1.0,0,kaggle_dataset
kaggle_692,Huge garden family.,1831.1,Shopping,2022-05-20,Original Category: Shopping,,1.0,0,kaggle_dataset
kaggle_693,Include record security.,767.52,Transport,2022-05-20,Original Category: Travel,,1.0,0,kaggle_dataset
kaggle_694,Team republican very plan cut.,623.76,Other,2022-05-22,Original Category: Health & Fitness,,1.0,0,kaggle_dataset
kaggle_695,Tv car report window.,937.35,Other,2022-05-23,Original Category: Salary,,1.0,0,kaggle_dataset
kaggle_696,My pm report set.,1525.64,Other,2022-05-24,Original Category: Salary,,1.0,0,kaggle_dataset
kaggle_697,Old wall report purpose.,747.7,Entertainment,2022-05-24,Original Category: Entertainment,,1.0,0,kaggle_dataset
kaggle_698,There institution actually.,1485.09,Entertainment,2022-05-25,Original Category: Entertainment,,1.0,0,kaggle_dataset
kaggle_701,Style real far.,1003.61,Entertainment,2022-05-29,Original Category: Entertainment,,1.0,0,kaggle_dataset
kaggle_702,Grow laugh.,522.08,Other,2022-05-29,Original Category: Health & Fitness,,1.0,0,kaggle_dataset
kaggle_703,Score night down.,927.05,Other,2022-05-30,Original Category: Salary,,1.0,0,kaggle_dataset
kaggle_704,Unit hold.,346.84,Other,2022-05-30,Original Category: Health & Fitness,,1.0,0,kaggle_dataset
kaggle_705,Approach season data than team.,376.26,Other,2022-05-31,Original Category: Salary,,1.0,0,kaggle_dataset
kaggle_706,Treatment relate positive.,1052.65,Food,2022-06-01,Original Category: Food & Drink,,1.0,0,kaggle_dataset
kaggle_707,Cultural right cover large work.,1890.92,Utilities,2022-06-01,Original Category: Rent,,1.0,0,kaggle_dataset
kaggle_708,While same budget.,830.66,Food,2022-06-04,Original Category: Food & Drink,,1.0,0,kaggle_dataset
kaggle_709,Evidence enough claim suffer.,145.26,Entertainment,2022-06-04,Original Category: Entertainment,,1.0,0,kaggle_dataset
kaggle_711,Past product make of group.,1239.49,Food,2022-06-07,Original Category: Food & Drink,,1.0,0,kaggle_dataset
kaggle_712,Detail contain attention measure indeed.,1321.98,Other,2022-06-07,Original Category: Salary,,1.0,0,kaggle_dataset
kaggle_715,Boy generation.,1009.41,Food,2022-06-12,Original Category: Food & Drink,,1.0,0,kaggle_dataset
kaggle_716,Truth during always those high.,1614.27,Shopping,2022-06-12,Original Category: Shopping,,1.0,0,kaggle_dataset
kaggle_717,Either rich agency might.,1836.92,Utilities,2022-06-12,Original Category: Rent,,1.0,0,kaggle_dataset
kaggle_718,Sort knowledge analysis together court.,391.94,Entertainment,2022-06-13,Original Category: Entertainment,,1.0,0,kaggle_dataset
kaggle_719,Way cold.,541.98,Other,2022-06-17,Original Category: Health & Fitness,,1.0,0,kaggle_dataset
kaggle_720,Account assume prove similar ten.,1919.0,Other,2022-06-17,Original Category: Health & Fitness,,1.0,0,kaggle_dataset
kaggle_721,Day stock.,1980.56,Entertainment,2022-06-18,Original Category: Entertainment,,1.0,0,kaggle_dataset
kaggle_722,Section child.,1310.93,Utilities,2022-06-19,Original Category: Rent,,1.0,0,kaggle_dataset
kaggle_723,Also available concern edge.,196.07,Food,2022-06-20,Original Category: Food & Drink,,1.0,0,kaggle_dataset
kaggle_724,Start treat imagine later identify.,121.67,Other,2022-06-21,Original Category: Salary,,1.0,0,kaggle_dataset
kaggle_726,As second animal summer group.,1293.37,Shopping,2022-06-23,Original Category: Shopping,,1.0,0,kaggle_dataset
kaggle_727,Face rate.,1790.63,Utilities,2022-06-23,Original Category: Rent,,1.0,0,kaggle_dataset
kaggle_728,She join house.,430.72,Entertainment,2022-06-25,Original Category: Entertainment,,1.0,0,kaggle_dataset
kaggle_729,Choose detail section someone.,549.48,Other,2022-06-25,Original Category: Salary,,1.0,0,kaggle_dataset
kaggle_730,Whether century quality.,1799.63,Transport,2022-06-26,Original Category: Travel,,1.0,0,kaggle_dataset
kaggle_731,Network never.,366.92,Food,2022-06-26,Original Category: Food & Drink,,1.0,0,kaggle_dataset
kaggle_732,Above others.,1923.32,Food,2022-06-30,Original Category: Food & Drink,,1.0,0,kaggle_dataset
kaggle_733,Water fight security tough gas.,1858.46,Shopping,2022-07-01,Original Category: Shopping,,1.0,0,kaggle_dataset
kaggle_734,Central contain pattern education boy.,1137.72,Entertainment,2022-07-02,Original Category: Entertainment,,1.0,0,kaggle_dataset
kaggle_735,Surface usually.,773.85,Other,2022-07-04,Original Category: Health & Fitness,,1.0,0,kaggle_dataset
kaggle_736,Popular available public economy.,1006.58,Utilities,2022-07-04,Original Category: Rent,,1.0,0,kaggle_dataset
kaggle_737,Maintain former campaign pretty beyond.,204.39,Food,2022-07-04,Original Category: Food & Drink,,1.0,0,kaggle_dataset
kaggle_738,Fish late pattern.,687.78,Utilities,2022-07-05,Original Category: Rent,,1.0,0,kaggle_dataset
kaggle_739,Charge note space when collection.,1938.15,Shopping,2022-07-06,Original Category: Shopping,,1.0,0,kaggle_dataset
kaggle_740,Size republican political.,1569.26,Transport,2022-07-13,Original Category: Travel,,1.0,0,kaggle_dataset
kaggle_741,Care run there leg.,718.06,Entertainment,2022-07-17,Original Category: Entertainment,,1.0,0,kaggle_dataset
kaggle_742,Main board population.,379.62,Shopping,2022-07-17,Original Category: Shopping,,1.0,0,kaggle_dataset
kaggle_743,Teach cause mrs.,180.53,Shopping,2022-07-17,Original Category: Shopping,,1.0,0,kaggle_dataset
kaggle_744,Baby away affect medical all.,1429.09,Entertainment,2022-07-18,Original Category: Entertainment,,1.0,0,kaggle_dataset
kaggle_746,President chance hotel through.,1481.91,Utilities,2022-07-19,Original Category: Utilities,,1.0,0,kaggle_dataset
kaggle_747,Let member however.,192.13,Utilities,2022-07-20,Original Category: Rent,,1.0,0,kaggle_dataset
kaggle_748,Production summer.,726.24,Other,2022-07-22,Original Category: Salary,,1.0,0,kaggle_dataset
kaggle_749,Cell city not not the.,183.72,Utilities,2022-07-25,Original Category: Utilities,,1.0,0,kaggle_dataset
kaggle_750,Voice american seven discussion.,215.55,Shopping,2022-07-27,Original Category: Shopping,,1.0,0,kaggle_dataset
kaggle_752,Truth thing always possible.,590.78,Food,2022-07-27,Original Category: Food & Drink,,1.0,0,kaggle_dataset
kaggle_753,Plant event score official now.,1452.44,Utilities,2022-07-27,Original Category: Rent,,1.0,0,kaggle_dataset
kaggle_754,Half president structure might.,1148.2,Entertainment,2022-07-28,Original Category: Entertainment,,1.0,0,kaggle_dataset
kaggle_757,Method exactly.,342.74,Utilities,2022-07-30,Original Category: Rent,,1.0,0,kaggle_dataset
kaggle_758,Church own stage.,973.62,Transport,2022-07-31,Original Category: Travel,,1.0,0,kaggle_dataset
kaggle_760,Claim street against amount of.,1191.67,Other,2022-08-02,Original Category: Salary,,1.0,0,kaggle_dataset
kaggle_762,Election conference when.,671.11,Shopping,2022-08-04,Original Category: Shopping,,1.0,0,kaggle_dataset
kaggle_763,These road.,886.04,Other,2022-08-06,Original Category: Health & Fitness,,1.0,0,kaggle_dataset
kaggle_764,Describe paper.,607.87,Utilities,2022-08-07,Original Category: Utilities,,1.0,0,kaggle_dataset
kaggle_765,Color store over some.,963.23,Entertainment,2022-08-12,Original Category: Entertainment,,1.0,0,kaggle_dataset
kaggle_767,Her car admit.,1935.85,Other,2022-08-15,Original Category: Salary,,1.0,0,kaggle_dataset
kaggle_768,Range step painting concern.,758.35,Other,2022-08-15,Original Category: Health & Fitness,,1.0,0,kaggle_dataset
kaggle_769,Me brother lot candidate owner.,736.38,Shopping,2022-08-16,Original Category: Shopping,,1.0,0,kaggle_dataset
kaggle_770,Miss have analysis morning.,1188.53,Entertainment,2022-08-16,Original Category: Entertainment,,1.0,0,kaggle_dataset
kaggle_771,Smile high open scientist.,1906.48,Food,2022-08-17,Original Category: Food & Drink,,1.0,0,kaggle_dataset
kaggle_772,International effort.,882.53,Entertainment,2022-08-18,Original Category: Entertainment,,1.0,0,kaggle_dataset
kaggle_773,Exist theory.,1639.74,Utilities,2022-08-19,Original Category: Rent,,1.0,0,kaggle_dataset
kaggle_774,Country remember smile.,1349.23,Shopping,2022-08-21,Original Category: Shopping,,1.0,0,kaggle_dataset
kaggle_776,Choice prepare.,1433.32,Utilities,2022-08-22,Original Category: Utilities,,1.0,0,kaggle_dataset
kaggle_777,Talk interest hand.,903.64,Utilities,2022-08-22,Original Category: Rent,,1.0,0,kaggle_dataset
kaggle_778,Sense including six lot.,1073.39,Shopping,2022-08-23,Original Category: Shopping,,1.0,0,kaggle_dataset
kaggle_779,Never effect fill general relationship.,1091.85,Shopping,2022-08-24,Original Category: Shopping,,1.0,0,kaggle_dataset
kaggle_780,Security land record.,1406.25,Other,2022-08-26,Original Category: Health & Fitness,,1.0,0,kaggle_dataset
kaggle_781,Democrat hundred.,227.65,Utilities,2022-08-26,Original Category: Rent,,1.0,0,kaggle_dataset
kaggle_782,Pass range appear home player.,341.01,Other,2022-08-28,Original Category: Health & Fitness,,1.0,0,kaggle_dataset
kaggle_783,Likely outside because.,1933.95,Shopping,2022-08-29,Original Category: Shopping,,1.0,0,kaggle_dataset
kaggle_784,He participant right.,220.83,Shopping,2022-08-30,Original Category: Shopping,,1.0,0,kaggle_dataset
kaggle_786,Keep cut prevent sound.,897.1,Entertainment,2022-08-31,Original Category: Entertainment,,1.0,0,kaggle_dataset
kaggle_787,Almost outside middle.,696.49,Utilities,2022-09-01,Original Category: Utilities,,1.0,0,kaggle_dataset
kaggle_789,Good house only military.,240.98,Utilities,2022-09-03,Original Category: Rent,,1.0,0,kaggle_dataset
kaggle_790,Near risk.,703.17,Utilities,2022-09-03,Original Category: Utilities,,1.0,0,kaggle_dataset
kaggle_791,Give white everybody paper create.,1047.02,Entertainment,2022-09-03,Original Category: Entertainment,,1.0,0,kaggle_dataset
kaggle_792,Above company media next me.,881.95,Utilities,2022-09-04,Original Category: Rent,,1.0,0,kaggle_dataset
kaggle_793,Sort what.,143.68,Other,2022-09-04,Original Category: Health & Fitness,,1.0,0,kaggle_dataset
kaggle_795,Race to television loss.,1357.51,Utilities,2022-09-06,Original Category: Rent,,1.0,0,kaggle_dataset
kaggle_798,Red enjoy.,471.39,Other,2022-09-10,Original Category: Salary,,1.0,0,kaggle_dataset
kaggle_799,Human see.,380.91,Utilities,2022-09-11,Original Category: Utilities,,1.0,0,kaggle_dataset
kaggle_800,Never condition.,68.09,Shopping,2022-09-11,Original Category: Shopping,,1.0,0,kaggle_dataset
kaggle_801,Despite off consumer second.,904.65,Entertainment,2022-09-12,Original Category: Entertainment,,1.0,0,kaggle_dataset
kaggle_802,Say dog drug enter.,1412.42,Food,2022-09-14,Original Category: Food & Drink,,1.0,0,kaggle_dataset
kaggle_803,Strong student green.,1158.92,Utilities,2022-09-15,Original Category: Rent,,1.0,0,kaggle_dataset
kaggle_804,Turn put professional.,737.93,Utilities,2022-09-15,Original Category: Utilities,,1.0,0,kaggle_dataset
kaggle_806,Make worker trouble.,1060.15,Other,2022-09-18,Original Category: Salary,,1.0,0,kaggle_dataset
kaggle_807,Develop office approach son.,1226.5,Shopping,2022-09-19,Original Category: Shopping,,1.0,0,kaggle_dataset
kaggle_808,Allow girl team simply lead.,710.45,Other,2022-09-19,Original Category: Health & Fitness,,1.0,0,kaggle_dataset
kaggle_809,Least ready activity decision ok.,1629.34,Utilities,2022-09-21,Original Category: Utilities,,1.0,0,kaggle_dataset
kaggle_810,Party employee nature down.,1838.18,Transport,2022-09-23,Original Category: Travel,,1.0,0,kaggle_dataset
kaggle_811,Gas contain interest industry sell.,633.24,Utilities,2022-09-26,Original Category: Utilities,,1.0,0,kaggle_dataset
kaggle_812,Evidence conference capital office.,374.26,Utilities,2022-09-26,Original Category: Rent,,1.0,0,kaggle_dataset
kaggle_813,Result sound.,842.3,Shopping,2022-09-28,Original Category: Shopping,,1.0,0,kaggle_dataset
kaggle_816,Result size feel no nothing.,382.33,Utilities,2022-09-30,Original Category: Utilities,,1.0,0,kaggle_dataset
kaggle_817,Real art.,1732.39,Food,2022-10-01,Original Category: Food & Drink,,1.0,0,kaggle_dataset
kaggle_818,Stuff benefit seat employee.,281.7,Other,2022-10-02,Original Category: Salary,,1.0,0,kaggle_dataset
kaggle_819,Newspaper special general in go.,824.18,Other,2022-10-03,Original Category: Salary,,1.0,0,kaggle_dataset
kaggle_820,Office power company sister great.,982.51,Other,2022-10-04,Original Category: Salary,,1.0,0,kaggle_dataset
kaggle_822,What than political up instead.,457.44,Transport,2022-10-05,Original Category: Travel,,1.0,0,kaggle_dataset
kaggle_823,Support author class direction.,1135.64,Other,2022-10-08,Original Category: Salary,,1.0,0,kaggle_dataset
kaggle_824,Report painting house.,1103.96,Other,2022-10-10,Original Category: Salary,,1.0,0,kaggle_dataset
kaggle_826,Road product wait.,1088.67,Other,2022-10-12,Original Category: Health & Fitness,,1.0,0,kaggle_dataset
kaggle_827,Cold billion as.,1097.24,Other,2022-10-13,Original Category: Salary,,1.0,0,kaggle_dataset
kaggle_828,Approach side model you billion.,1474.62,Utilities,2022-10-19,Original Category: Rent,,1.0,0,kaggle_dataset
kaggle_829,Pressure those.,602.44,Entertainment,2022-10-19,Original Category: Entertainment,,1.0,0,kaggle_dataset
kaggle_830,Easy exist phone.,533.0,Other,2022-10-20,Original Category: Salary,,1.0,0,kaggle_dataset
kaggle_831,Stuff agreement professional team foot.,883.75,Utilities,2022-10-21,Original Category: Rent,,1.0,0,kaggle_dataset
kaggle_832,Window music evening know.,427.66,Entertainment,2022-10-22,Original Category: Entertainment,,1.0,0,kaggle_dataset
kaggle_833,Opportunity lead see.,1723.49,Other,2022-10-23,Original Category: Health & Fitness,,1.0,0,kaggle_dataset
kaggle_834,Model police finally girl.,340.3,Shopping,2022-10-25,Original Category: Shopping,,1.0,0,kaggle_dataset
kaggle_836,Field a spring.,1069.24,Other,2022-10-30,Original Category: Health & Fitness,,1.0,0,kaggle_dataset
kaggle_837,Expert movement reach man.,654.07,Utilities,2022-10-31,Original Category: Utilities,,1.0,0,kaggle_dataset
kaggle_838,Across involve fall.,1149.74,Transport,2022-11-03,Original Category: Travel,,1.0,0,kaggle_dataset
kaggle_839,Nature country.,279.82,Utilities,2022-11-04,Original Category: Rent,,1.0,0,kaggle_dataset
kaggle_840,House clear say hope.,1838.35,Shopping,2022-11-05,Original Category: Shopping,,1.0,0,kaggle_dataset
kaggle_841,Enjoy instead dream.,1405.84,Utilities,2022-11-07,Original Category: Utilities,,1.0,0,kaggle_dataset
kaggle_843,Consumer face.,984.02,Shopping,2022-11-09,Original Category: Shopping,,1.0,0,kaggle_dataset
kaggle_844,Laugh red man fly charge.,1259.35,Transport,2022-11-10,Original Category: Travel,,1.0,0,kaggle_dataset
kaggle_845,Control bill.,1270.92,Utilities,2022-11-13,Original Category: Rent,,1.0,0,kaggle_dataset
kaggle_846,Resource road do.,811.67,Utilities,2022-11-14,Original Category: Rent,,1.0,0,kaggle_dataset
kaggle_847,Management game.,914.84,Other,2022-11-14,Original Category: Health & Fitness,,1.0,0,kaggle_dataset
kaggle_848,Your less social form.,1739.13,Food,2022-11-15,Original Category: Food & Drink,,1.0,0,kaggle_dataset
kaggle_849,Entire hotel.,1464.55,Utilities,2022-11-17,Original Category: Rent,,1.0,0,kaggle_dataset
kaggle_850,Consider time economic high.,1701.71,Other,2022-11-17,Original Category: Health & Fitness,,1.0,0,kaggle_dataset
kaggle_851,Window research his.,443.48,Shopping,2022-11-18,Original Category: Shopping,,1.0,0,kaggle_dataset
kaggle_852,Scene almost leave.,994.48,Entertainment,2022-11-19,Original Category: Entertainment,,1.0,0,kaggle_dataset
kaggle_853,Program decade home which view.,682.13,Transport,2022-11-21,Original Category: Travel,,1.0,0,kaggle_dataset
kaggle_854,Rock seat near business loss.,1578.72,Other,2022-11-22,Original Category: Salary,,1.0,0,kaggle_dataset
kaggle_855,Growth appear project.,101.43,Food,2022-11-26,Original Category: Food & Drink,,1.0,0,kaggle_dataset
kaggle_856,Plan foot cold.,42.4,Other,2022-11-26,Original Category: Salary,,1.0,0,kaggle_dataset
kaggle_857,Build smile across among situation.,888.16,Utilities,2022-11-28,Original Category: Utilities,,1.0,0,kaggle_dataset
kaggle_859,Art green child movie blue.,1765.47,Utilities,2022-12-01,Original Category: Utilities,,1.0,0,kaggle_dataset
kaggle_860,First next popular.,195.75,Transport,2022-12-03,Original Category: Travel,,1.0,0,kaggle_dataset
kaggle_861,Run again help right.,749.97,Utilities,2022-12-04,Original Category: Rent,,1.0,0,kaggle_dataset
kaggle_862,Magazine join.,113.06,Utilities,2022-12-05,Original Category: Utilities,,1.0,0,kaggle_dataset
kaggle_863,Recent couple cost girl run.,864.17,Entertainment,2022-12-05,Original Category: Entertainment,,1.0,0,kaggle_dataset
kaggle_865,Happen a point here control.,274.07,Utilities,2022-12-12,Original Category: Rent,,1.0,0,kaggle_dataset
kaggle_866,Task simply draw return probably.,28.48,Other,2022-12-13,Original Category: Salary,,1.0,0,kaggle_dataset
kaggle_867,Couple raise she child.,1976.43,Utilities,2022-12-15,Original Category: Rent,,1.0,0,kaggle_dataset
kaggle_868,Important focus benefit probably.,960.62,Utilities,2022-12-16,Original Category: Utilities,,1.0,0,kaggle_dataset
kaggle_869,Condition all blood.,1464.22,Utilities,2022-12-18,Original Category: Rent,,1.0,0,kaggle_dataset
kaggle_871,Moment red eight hand.,771.61,Utilities,2022-12-28,Original Category: Utilities,,1.0,0,kaggle_dataset
kaggle_872,Us decade.,1286.74,Utilities,2022-12-30,Original Category: Utilities,,1.0,0,kaggle_dataset
kaggle_873,Life police.,1065.71,Utilities,2022-12-31,Original Category: Rent,,1.0,0,kaggle_dataset
kaggle_875,American audience fight war whether.,1259.88,Entertainment,2023-01-04,Original Category: Entertainment,,1.0,0,kaggle_dataset
kaggle_877,Moment eat personal.,1794.22,Utilities,2023-01-06,Original Category: Rent,,1.0,0,kaggle_dataset
kaggle_879,Third coach congress husband.,635.86,Shopping,2023-01-10,Original Category: Shopping,,1.0,0,kaggle_dataset
kaggle_881,Yard foot he share issue.,1560.15,Transport,2023-01-13,Original Category: Travel,,1.0,0,kaggle_dataset
kaggle_882,Drive nation heart nearly season.,418.84,Transport,2023-01-15,Original Category: Travel,,1.0,0,kaggle_dataset
kaggle_883,Language however risk work.,1498.21,Entertainment,2023-01-16,Original Category: Entertainment,,1.0,0,kaggle_dataset
kaggle_884,Career three according worker democrat.,1569.77,Food,2023-01-17,Original Category: Food & Drink,,1.0,0,kaggle_dataset
kaggle_885,Sign wall.,994.83,Entertainment,2023-01-18,Original Category: Entertainment,,1.0,0,kaggle_dataset
kaggle_887,Enter threat economic.,1973.9,Food,2023-01-19,Original Category: Food & Drink,,1.0,0,kaggle_dataset
kaggle_888,Begin hundred truth.,779.81,Utilities,2023-01-19,Original Category: Utilities,,1.0,0,kaggle_dataset
kaggle_889,Society common stay ready.,737.17,Shopping,2023-01-19,Original Category: Shopping,,1.0,0,kaggle_dataset
kaggle_890,Organization feel.,1909.36,Other,2023-01-19,Original Category: Salary,,1.0,0,kaggle_dataset
kaggle_891,Bad argue side girl.,1178.85,Food,2023-01-20,Original Category: Food & Drink,,1.0,0,kaggle_dataset
kaggle_893,Him fight american music change.,1018.16,Shopping,2023-01-21,Original Category: Shopping,,1.0,0,kaggle_dataset
kaggle_894,Check purpose young.,852.91,Shopping,2023-01-22,Original Category: Shopping,,1.0,0,kaggle_dataset
kaggle_895,Offer bed it skill challenge.,562.16,Utilities,2023-01-23,Original Category: Utilities,,1.0,0,kaggle_dataset
kaggle_896,Live seat.,1948.88,Entertainment,2023-01-23,Original Category: Entertainment,,1.0,0,kaggle_dataset
kaggle_898,Nice maintain present cultural.,627.24,Utilities,2023-01-24,Original Category: Rent,,1.0,0,kaggle_dataset
kaggle_899,Drug entire involve.,125.23,Entertainment,2023-01-24,Original Category: Entertainment,,1.0,0,kaggle_dataset
kaggle_901,Couple general pretty show.,625.49,Food,2023-01-24,Original Category: Food & Drink,,1.0,0,kaggle_dataset
kaggle_902,Pattern wrong kind certainly.,247.69,Utilities,2023-01-24,Original Category: Utilities,,1.0,0,kaggle_dataset
kaggle_903,Current health serious.,336.03,Food,2023-01-24,Original Category: Food & Drink,,1.0,0,kaggle_dataset
kaggle_904,Science drug.,342.26,Transport,2023-01-25,Original Category: Travel,,1.0,0,kaggle_dataset
kaggle_906,Age decade mrs data.,676.67,Food,2023-01-27,Original Category: Food & Drink,,1.0,0,kaggle_dataset
kaggle_907,Nature performance yeah.,533.27,Utilities,2023-01-27,Original Category: Rent,,1.0,0,kaggle_dataset
kaggle_908,On professional analysis color.,997.33,Utilities,2023-01-28,Original Category: Rent,,1.0,0,kaggle_dataset
kaggle_909,Smile peace apply.,1004.22,Food,2023-01-29,Original Category: Food & Drink,,1.0,0,kaggle_dataset
kaggle_910,Home even.,323.05,Other,2023-01-29,Original Category: Health & Fitness,,1.0,0,kaggle_dataset
kaggle_911,Affect test.,464.52,Utilities,2023-01-30,Original Category: Rent,,1.0,0,kaggle_dataset
kaggle_912,Woman meet report.,1718.79,Food,2023-01-31,Original Category: Food & Drink,,1.0,0,kaggle_dataset
kaggle_914,Unit again easy morning four.,366.13,Utilities,2023-02-01,Original Category: Utilities,,1.0,0,kaggle_dataset
kaggle_915,Adult range green.,1110.2,Food,2023-02-02,Original Category: Food & Drink,,1.0,0,kaggle_dataset
kaggle_916,You without every.,456.79,Shopping,2023-02-03,Original Category: Shopping,,1.0,0,kaggle_dataset
kaggle_917,Election hit yourself wrong want.,549.8,Other,2023-02-06,Original Category: Health & Fitness,,1.0,0,kaggle_dataset
kaggle_919,Minute question their rather.,366.9,Food,2023-02-07,Original Category: Food & Drink,,1.0,0,kaggle_dataset
kaggle_920,Of interview fine.,1908.62,Food,2023-02-08,Original Category: Food & Drink,,1.0,0,kaggle_dataset
kaggle_922,Finally relate model.,661.33,Transport,2023-02-09,Original Category: Travel,,1.0,0,kaggle_dataset
kaggle_923,Yet wish certain usually.,744.15,Food,2023-02-12,Original Category: Food & Drink,,1.0,0,kaggle_dataset
kaggle_924,Attack mouth rest contain.,1481.76,Transport,2023-02-13,Original Category: Travel,,1.0,0,kaggle_dataset
kaggle_925,She they.,1187.46,Other,2023-02-15,Original Category: Health & Fitness,,1.0,0,kaggle_dataset
kaggle_926,Field seat start pm.,1467.6,Entertainment,2023-02-16,Original Category: Entertainment,,1.0,0,kaggle_dataset
kaggle_927,Single blood continue.,309.63,Entertainment,2023-02-18,Original Category: Entertainment,,1.0,0,kaggle_dataset
kaggle_928,Note discuss discussion reach grow.,473.67,Food,2023-02-20,Original Category: Food & Drink,,1.0,0,kaggle_dataset
kaggle_929,Maybe painting republican.,1902.47,Food,2023-02-20,Original Category: Food & Drink,,1.0,0,kaggle_dataset
kaggle_932,Development provide dark daughter.,1945.39,Food,2023-02-24,Original Category: Food & Drink,,1.0,0,kaggle_dataset
kaggle_935,Particularly score order modern.,922.33,Other,2023-02-26,Original Category: Health & Fitness,,1.0,0,kaggle_dataset
kaggle_936,Body lead there there early.,1015.8,Utilities,2023-02-28,Original Category: Rent,,1.0,0,kaggle_dataset
kaggle_937,Worker always hold share.,158.91,Shopping,2023-03-03,Original Category: Shopping,,1.0,0,kaggle_dataset
kaggle_938,Fact huge fight.,1328.26,Shopping,2023-03-03,Original Category: Shopping,,1.0,0,kaggle_dataset
kaggle_940,Stop later reveal both.,1404.44,Shopping,2023-03-05,Original Category: Shopping,,1.0,0,kaggle_dataset
kaggle_941,Career including late condition opportunity.,910.99,Other,2023-03-05,Original Category: Health & Fitness,,1.0,0,kaggle_dataset
kaggle_942,Bed food possible represent.,280.86,Entertainment,2023-03-07,Original Category: Entertainment,,1.0,0,kaggle_dataset
kaggle_943,Before relationship plant.,319.27,Utilities,2023-03-08,Original Category: Rent,,1.0,0,kaggle_dataset
kaggle_945,Analysis color friend the.,1929.62,Other,2023-03-08,Original Category: Health & Fitness,,1.0,0,kaggle_dataset
kaggle_946,Than condition republican.,932.06,Transport,2023-03-08,Original Category: Travel,,1.0,0,kaggle_dataset
kaggle_947,Finally shoulder land.,323.65,Utilities,2023-03-10,Original Category: Rent,,1.0,0,kaggle_dataset
kaggle_948,Together whether about.,437.89,Food,2023-03-10,Original Category: Food & Drink,,1.0,0,kaggle_dataset
kaggle_949,Learn talk.,191.51,Utilities,2023-03-12,Original Category: Utilities,,1.0,0,kaggle_dataset
kaggle_950,Part management.,798.53,Other,2023-03-13,Original Category: Health & Fitness,,1.0,0,kaggle_dataset
kaggle_952,People newspaper stay.,71.85,Utilities,2023-03-13,Original Category: Utilities,,1.0,0,kaggle_dataset
kaggle_953,Challenge president already.,1116.35,Other,2023-03-15,Original Category: Salary,,1.0,0,kaggle_dataset
kaggle_954,Study fear turn any indicate.,929.47,Utilities,2023-03-15,Original Category: Rent,,1.0,0,kaggle_dataset
kaggle_955,Public particularly reality.,251.69,Utilities,2023-03-16,Original Category: Utilities,,1.0,0,kaggle_dataset
kaggle_958,Fall care.,1168.82,Utilities,2023-03-18,Original Category: Rent,,1.0,0,kaggle_dataset
kaggle_959,Money modern receive partner.,53.38,Utilities,2023-03-21,Original Category: Rent,,1.0,0,kaggle_dataset
kaggle_964,Brother let.,1369.59,Shopping,2023-03-24,Original Category: Shopping,,1.0,0,kaggle_dataset
kaggle_966,Night point action cut.,1768.01,Other,2023-03-29,Original Category: Salary,,1.0,0,kaggle_dataset
kaggle_968,Box four.,131.35,Other,2023-03-31,Original Category: Salary,,1.0,0,kaggle_dataset
kaggle_969,Pattern ahead compare form full.,844.28,Utilities,2023-03-31,Original Category: Utilities,,1.0,0,kaggle_dataset
kaggle_970,Something population loss physical.,1265.2,Entertainment,2023-04-01,Original Category: Entertainment,,1.0,0,kaggle_dataset
kaggle_971,Leg sport until argue.,1978.91,Food,2023-04-01,Original Category: Food & Drink,,1.0,0,kaggle_dataset
kaggle_972,North question new.,964.57,Other,2023-04-04,Original Category: Health & Fitness,,1.0,0,kaggle_dataset
kaggle_973,Officer forward trouble.,1826.23,Other,2023-04-07,Original Category: Health & Fitness,,1.0,0,kaggle_dataset
kaggle_974,Wide exactly.,548.17,Shopping,2023-04-08,Original Category: Shopping,,1.0,0,kaggle_dataset
kaggle_976,Organization ten seem.,126.6,Transport,2023-04-10,Original Category: Travel,,1.0,0,kaggle_dataset
kaggle_977,Even beautiful.,1536.02,Other,2023-04-10,Original Category: Health & Fitness,,1.0,0,kaggle_dataset
kaggle_978,Later week democratic few.,209.27,Utilities,2023-04-13,Original Category: Utilities,,1.0,0,kaggle_dataset
kaggle_979,Size sing tree kitchen.,1072.04,Transport,2023-04-15,Original Category: Travel,,1.0,0,kaggle_dataset
kaggle_980,Toward child future low.,1530.46,Food,2023-04-16,Original Category: Food & Drink,,1.0,0,kaggle_dataset
kaggle_981,Simply century the.,716.06,Shopping,2023-04-20,Original Category: Shopping,,1.0,0,kaggle_dataset
kaggle_982,Day already hold.,360.44,Utilities,2023-04-20,Original Category: Utilities,,1.0,0,kaggle_dataset
kaggle_983,About usually.,1828.82,Other,2023-04-21,Original Category: Health & Fitness,,1.0,0,kaggle_dataset
kaggle_985,Officer fine.,1675.03,Entertainment,2023-04-22,Original Category: Entertainment,,1.0,0,kaggle_dataset
kaggle_986,Customer expert mother significant.,1088.83,Other,2023-04-23,Original Category: Salary,,1.0,0,kaggle_dataset
kaggle_989,Each author party full kitchen.,670.15,Food,2023-05-02,Original Category: Food & Drink,,1.0,0,kaggle_dataset
kaggle_990,Likely push.,688.11,Utilities,2023-05-02,Original Category: Utilities,,1.0,0,kaggle_dataset
kaggle_993,Nothing behavior sort recognize.,1921.51,Other,2023-05-05,Original Category: Health & Fitness,,1.0,0,kaggle_dataset
kaggle_994,Financial popular short like.,1176.17,Shopping,2023-05-05,Original Category: Shopping,,1.0,0,kaggle_dataset
kaggle_995,Technology pay tree.,281.54,Other,2023-05-07,Original Category: Health & Fitness,,1.0,0,kaggle_dataset
kaggle_997,Maintain assume both long.,1417.29,Utilities,2023-05-14,Original Category: Utilities,,1.0,0,kaggle_dataset
kaggle_998,Should page camera.,454.24,Other,2023-05-14,Original Category: Health & Fitness,,1.0,0,kaggle_dataset
kaggle_999,Stage someone for power.,762.98,Utilities,2023-05-14,Original Category: Utilities,,1.0,0,kaggle_dataset
kaggle_1000,Leave opportunity draw during city.,263.42,Transport,2023-05-15,Original Category: Travel,,1.0,0,kaggle_dataset
kaggle_1001,At decade really issue.,1703.01,Shopping,2023-05-15,Original Category: Shopping,,1.0,0,kaggle_dataset
kaggle_1002,Skin name door production back.,372.34,Food,2023-05-16,Original Category: Food & Drink,,1.0,0,kaggle_dataset
kaggle_1003,Boy other foot best.,1282.9,Entertainment,2023-05-17,Original Category: Entertainment,,1.0,0,kaggle_dataset
kaggle_1005,Management produce bed stage.,483.61,Utilities,2023-05-19,Original Category: Rent,,1.0,0,kaggle_dataset
kaggle_1006,Serious produce.,1276.01,Utilities,2023-05-20,Original Category: Utilities,,1.0,0,kaggle_dataset
kaggle_1007,Factor past language day theory.,898.79,Other,2023-05-20,Original Category: Health & Fitness,,1.0,0,kaggle_dataset
kaggle_1008,Some quickly truth view response.,1389.42,Entertainment,2023-05-20,Original Category: Entertainment,,1.0,0,kaggle_dataset
kaggle_1009,Old particularly.,1443.62,Utilities,2023-05-22,Original Category: Rent,,1.0,0,kaggle_dataset
kaggle_1011,Reflect star.,991.23,Shopping,2023-05-22,Original Category: Shopping,,1.0,0,kaggle_dataset
kaggle_1012,Technology tend.,211.84,Shopping,2023-05-25,Original Category: Shopping,,1.0,0,kaggle_dataset
kaggle_1013,Reduce hour fish him.,333.69,Entertainment,2023-05-28,Original Category: Entertainment,,1.0,0,kaggle_dataset
kaggle_1018,Us perhaps lawyer interest star.,682.52,Utilities,2023-06-03,Original Category: Rent,,1.0,0,kaggle_dataset
kaggle_1019,Difficult interesting account marriage.,1411.96,Other,2023-06-04,Original Category: Salary,,1.0,0,kaggle_dataset
kaggle_1020,Especially unit office almost.,1218.56,Utilities,2023-06-05,Original Category: Utilities,,1.0,0,kaggle_dataset
kaggle_1021,Low happy oil which bag.,211.5,Food,2023-06-08,Original Category: Food & Drink,,1.0,0,kaggle_dataset
kaggle_1022,Let back three.,824.47,Entertainment,2023-06-08,Original Category: Entertainment,,1.0,0,kaggle_dataset
kaggle_1023,Line score whether.,1324.59,Transport,2023-06-09,Original Category: Travel,,1.0,0,kaggle_dataset
kaggle_1024,Something fine apply gas sing.,108.77,Utilities,2023-06-09,Original Category: Rent,,1.0,0,kaggle_dataset
kaggle_1025,Mention light safe inside.,315.64,Other,2023-06-10,Original Category: Salary,,1.0,0,kaggle_dataset
kaggle_1026,Cold reason our.,184.38,Shopping,2023-06-10,Original Category: Shopping,,1.0,0,kaggle_dataset
kaggle_1027,Employee picture official of prevent.,407.35,Other,2023-06-13,Original Category: Salary,,1.0,0,kaggle_dataset
kaggle_1029,Past every either.,1689.1,Other,2023-06-16,Original Category: Salary,,1.0,0,kaggle_dataset
kaggle_1030,Company option character land space.,947.18,Shopping,2023-06-16,Original Category: Shopping,,1.0,0,kaggle_dataset
kaggle_1031,Machine son television.,191.36,Transport,2023-06-17,Original Category: Travel,,1.0,0,kaggle_dataset
kaggle_1032,Whose other.,748.33,Utilities,2023-06-17,Original Category: Utilities,,1.0,0,kaggle_dataset
kaggle_1033,Sell include himself produce.,897.09,Utilities,2023-06-19,Original Category: Utilities,,1.0,0,kaggle_dataset
kaggle_1034,Official success approach.,534.17,Other,2023-06-21,Original Category: Salary,,1.0,0,kaggle_dataset
kaggle_1035,Apply less.,310.75,Food,2023-06-22,Original Category: Food & Drink,,1.0,0,kaggle_dataset
kaggle_1036,Live way two.,180.56,Utilities,2023-06-22,Original Category: Rent,,1.0,0,kaggle_dataset
kaggle_1037,Raise hope enjoy most.,1941.7,Shopping,2023-06-23,Original Category: Shopping,,1.0,0,kaggle_dataset
kaggle_1038,Eye something.,1683.19,Food,2023-06-25,Original Category: Food & Drink,,1.0,0,kaggle_dataset
kaggle_1039,Which raise american truth.,1931.6,Shopping,2023-06-25,Original Category: Shopping,,1.0,0,kaggle_dataset
kaggle_1040,Particular present evening establish.,1149.7,Other,2023-06-25,Original Category: Salary,,1.0,0,kaggle_dataset
kaggle_1041,Pressure hospital significant.,167.12,Transport,2023-06-26,Original Category: Travel,,1.0,0,kaggle_dataset
kaggle_1042,Side mind question year finish.,1009.18,Food,2023-06-30,Original Category: Food & Drink,,1.0,0,kaggle_dataset
kaggle_1043,Story activity.,249.36,Utilities,2023-07-01,Original Category: Utilities,,1.0,0,kaggle_dataset
kaggle_1044,Billion land detail exist cover.,1898.63,Utilities,2023-07-02,Original Category: Utilities,,1.0,0,kaggle_dataset
kaggle_1047,To receive education.,411.82,Shopping,2023-07-06,Original Category: Shopping,,1.0,0,kaggle_dataset
kaggle_1048,Police two.,1669.88,Utilities,2023-07-07,Original Category: Utilities,,1.0,0,kaggle_dataset
kaggle_1049,Realize property show either.,183.18,Utilities,2023-07-07,Original Category: Rent,,1.0,0,kaggle_dataset
kaggle_1050,Since him four.,1714.68,Other,2023-07-10,Original Category: Health & Fitness,,1.0,0,kaggle_dataset
kaggle_1051,Western enough key.,1575.24,Food,2023-07-10,Original Category: Food & Drink,,1.0,0,kaggle_dataset
kaggle_1052,Particular condition man.,233.91,Shopping,2023-07-10,Original Category: Shopping,,1.0,0,kaggle_dataset
kaggle_1054,Authority number.,1573.63,Utilities,2023-07-11,Original Category: Rent,,1.0,0,kaggle_dataset
kaggle_1055,Affect marriage present a.,1757.01,Other,2023-07-13,Original Category: Health & Fitness,,1.0,0,kaggle_dataset
kaggle_1056,Entire record toward off.,1148.33,Other,2023-07-15,Original Category: Salary,,1.0,0,kaggle_dataset
kaggle_1057,Long identify road speech.,558.07,Utilities,2023-07-15,Original Category: Utilities,,1.0,0,kaggle_dataset
kaggle_1059,Four field area young.,1384.12,Other,2023-07-15,Original Category: Health & Fitness,,1.0,0,kaggle_dataset
kaggle_1061,Computer always his.,682.35,Food,2023-07-16,Original Category: Food & Drink,,1.0,0,kaggle_dataset
kaggle_1062,Receive to piece.,567.89,Transport,2023-07-17,Original Category: Travel,,1.0,0,kaggle_dataset
kaggle_1063,Be plan same cause.,1945.27,Utilities,2023-07-18,Original Category: Rent,,1.0,0,kaggle_dataset
kaggle_1064,Rest or.,1948.7,Transport,2023-07-19,Original Category: Travel,,1.0,0,kaggle_dataset
kaggle_1065,As music film move.,546.15,Other,2023-07-19,Original Category: Health & Fitness,,1.0,0,kaggle_dataset
kaggle_1066,Already argue.,383.99,Utilities,2023-07-20,Original Category: Rent,,1.0,0,kaggle_dataset
kaggle_1067,Brother southern project learn.,1484.48,Shopping,2023-07-21,Original Category: Shopping,,1.0,0,kaggle_dataset
kaggle_1068,Scientist do author.,1643.82,Other,2023-07-23,Original Category: Health & Fitness,,1.0,0,kaggle_dataset
kaggle_1069,President likely truth animal.,140.58,Utilities,2023-07-25,Original Category: Utilities,,1.0,0,kaggle_dataset
kaggle_1070,Common anyone.,279.94,Shopping,2023-07-26,Original Category: Shopping,,1.0,0,kaggle_dataset
kaggle_1071,Lay color.,355.74,Food,2023-07-27,Original Category: Food & Drink,,1.0,0,kaggle_dataset
kaggle_1072,Box organization.,1675.58,Entertainment,2023-07-27,Original Category: Entertainment,,1.0,0,kaggle_dataset
kaggle_1073,Source international.,110.61,Other,2023-07-30,Original Category: Salary,,1.0,0,kaggle_dataset
kaggle_1074,Building range national focus.,555.22,Entertainment,2023-08-01,Original Category: Entertainment,,1.0,0,kaggle_dataset
kaggle_1075,Or friend.,1274.47,Shopping,2023-08-04,Original Category: Shopping,,1.0,0,kaggle_dataset
kaggle_1077,Just understand american.,363.39,Other,2023-08-07,Original Category: Salary,,1.0,0,kaggle_dataset
kaggle_1078,Partner sing administration main according.,695.06,Other,2023-08-07,Original Category: Health & Fitness,,1.0,0,kaggle_dataset
kaggle_1079,Religious order.,1500.43,Transport,2023-08-09,Original Category: Travel,,1.0,0,kaggle_dataset
kaggle_1080,Really society live camera.,64.63,Transport,2023-08-09,Original Category: Travel,,1.0,0,kaggle_dataset
kaggle_1082,Conference matter wear physical site.,545.48,Entertainment,2023-08-10,Original Category: Entertainment,,1.0,0,kaggle_dataset
kaggle_1083,Above dog brother morning.,1730.61,Food,2023-08-11,Original Category: Food & Drink,,1.0,0,kaggle_dataset
kaggle_1084,Gun seven music despite show.,953.45,Food,2023-08-16,Original Category: Food & Drink,,1.0,0,kaggle_dataset
kaggle_1086,Computer prove amount population.,1428.35,Transport,2023-08-17,Original Category: Travel,,1.0,0,kaggle_dataset
kaggle_1087,Itself free source.,853.38,Transport,2023-08-21,Original Category: Travel,,1.0,0,kaggle_dataset
kaggle_1088,Bit appear.,923.41,Other,2023-08-22,Original Category: Health & Fitness,,1.0,0,kaggle_dataset
kaggle_1089,Citizen ahead method.,1357.62,Transport,2023-08-23,Original Category: Travel,,1.0,0,kaggle_dataset
kaggle_1090,Return or for.,1173.13,Shopping,2023-08-25,Original Category: Shopping,,1.0,0,kaggle_dataset
kaggle_1092,Heart determine likely.,968.66,Utilities,2023-08-30,Original Category: Rent,,1.0,0,kaggle_dataset
kaggle_1093,Three certain.,1284.78,Transport,2023-08-30,Original Category: Travel,,1.0,0,kaggle_dataset
kaggle_1094,Hold carry rest.,1315.68,Transport,2023-08-30,Original Category: Travel,,1.0,0,kaggle_dataset
kaggle_1095,Dark camera realize.,384.84,Transport,2023-08-30,Original Category: Travel,,1.0,0,kaggle_dataset
kaggle_1096,Carry surface learn.,1800.38,Entertainment,2023-09-01,Original Category: Entertainment,,1.0,0,kaggle_dataset
kaggle_1097,Detail far church some.,1324.46,Shopping,2023-09-01,Original Category: Shopping,,1.0,0,kaggle_dataset
kaggle_1098,Wife talk beat tax majority.,1314.25,Food,2023-09-03,Original Category: Food & Drink,,1.0,0,kaggle_dataset
kaggle_1099,List leg address into their.,1814.75,Transport,2023-09-04,Original Category: Travel,,1.0,0,kaggle_dataset
kaggle_1100,Its develop until watch.,1170.22,Food,2023-09-04,Original Category: Food & Drink,,1.0,0,kaggle_dataset
kaggle_1101,Individual analysis.,692.9,Entertainment,2023-09-04,Original Category: Entertainment,,1.0,0,kaggle_dataset
kaggle_1102,Almost most look something.,1813.99,Other,2023-09-07,Original Category: Salary,,1.0,0,kaggle_dataset
kaggle_1103,Manager bar send really.,1692.38,Transport,2023-09-10,Original Category: Travel,,1.0,0,kaggle_dataset
kaggle_1104,Car fast positive.,594.63,Utilities,2023-09-11,Original Category: Utilities,,1.0,0,kaggle_dataset
kaggle_1105,Look fight.,1453.12,Transport,2023-09-11,Original Category: Travel,,1.0,0,kaggle_dataset
kaggle_1106,Section agency lawyer sign them.,1894.38,Utilities,2023-09-12,Original Category: Utilities,,1.0,0,kaggle_dataset
kaggle_1107,Smile have less.,452.28,Utilities,2023-09-12,Original Category: Rent,,1.0,0,kaggle_dataset
kaggle_1108,Audience throw four allow international.,846.74,Transport,2023-09-13,Original Category: Travel,,1.0,0,kaggle_dataset
kaggle_1109,My some skin ball thing.,528.51,Other,2023-09-14,Original Category: Health & Fitness,,1.0,0,kaggle_dataset
kaggle_1110,War push thousand book half.,946.37,Utilities,2023-09-14,Original Category: Rent,,1.0,0,kaggle_dataset
kaggle_1111,Hand possible relate night.,949.72,Utilities,2023-09-14,Original Category: Rent,,1.0,0,kaggle_dataset
kaggle_1113,That reflect send set fly.,117.58,Shopping,2023-09-15,Original Category: Shopping,,1.0,0,kaggle_dataset
kaggle_1114,Quite everyone as generation.,1984.77,Utilities,2023-09-16,Original Category: Utilities,,1.0,0,kaggle_dataset
kaggle_1115,Money but report question.,295.02,Other,2023-09-16,Original Category: Salary,,1.0,0,kaggle_dataset
kaggle_1116,Later happy pull.,1560.09,Utilities,2023-09-21,Original Category: Utilities,,1.0,0,kaggle_dataset
kaggle_1117,Throughout leader bag.,633.69,Utilities,2023-09-21,Original Category: Utilities,,1.0,0,kaggle_dataset
kaggle_1119,Many themselves minute.,1156.8,Utilities,2023-09-24,Original Category: Utilities,,1.0,0,kaggle_dataset
kaggle_1121,Information scene again country.,812.75,Shopping,2023-09-29,Original Category: Shopping,,1.0,0,kaggle_dataset
kaggle_1122,Strong mind from.,19.29,Shopping,2023-10-03,Original Category: Shopping,,1.0,0,kaggle_dataset
kaggle_1123,Pretty skin main program.,1900.64,Other,2023-10-04,Original Category: Health & Fitness,,1.0,0,kaggle_dataset
kaggle_1124,Knowledge fight car smile commercial.,45.65,Entertainment,2023-10-04,Original Category: Entertainment,,1.0,0,kaggle_dataset
kaggle_1126,Good lay coach.,631.06,Other,2023-10-06,Original Category: Health & Fitness,,1.0,0,kaggle_dataset
kaggle_1129,Employee continue none alone.,1458.39,Other,2023-10-08,Original Category: Salary,,1.0,0,kaggle_dataset
kaggle_1130,Challenge large wish move.,872.99,Other,2023-10-09,Original Category: Health & Fitness,,1.0,0,kaggle_dataset
kaggle_1131,Identify material.,692.04,Utilities,2023-10-09,Original Category: Utilities,,1.0,0,kaggle_dataset
kaggle_1132,Until choose wife national.,1502.73,Other,2023-10-11,Original Category: Health & Fitness,,1.0,0,kaggle_dataset
kaggle_1134,Son rock two.,430.27,Utilities,2023-10-14,Original Category: Utilities,,1.0,0,kaggle_dataset
kaggle_1136,Bring agent pay detail group.,756.63,Food,2023-10-15,Original Category: Food & Drink,,1.0,0,kaggle_dataset
kaggle_1137,Part crime.,1191.91,Food,2023-10-15,Original Category: Food & Drink,,1.0,0,kaggle_dataset
kaggle_1140,Owner memory argue project.,1099.09,Utilities,2023-10-17,Original Category: Rent,,1.0,0,kaggle_dataset
kaggle_1141,Respond into history.,418.93,Utilities,2023-10-27,Original Category: Utilities,,1.0,0,kaggle_dataset
kaggle_1142,General final knowledge.,609.22,Food,2023-10-27,Original Category: Food & Drink,,1.0,0,kaggle_dataset
kaggle_1143,Democratic thousand.,1249.37,Transport,2023-10-29,Original Category: Travel,,1.0,0,kaggle_dataset
kaggle_1144,Eye south wife interest.,1663.0,Shopping,2023-10-30,Original Category: Shopping,,1.0,0,kaggle_dataset
kaggle_1148,Company left nothing trip.,722.26,Entertainment,2023-11-08,Original Category: Entertainment,,1.0,0,kaggle_dataset
kaggle_1149,Strategy face make.,88.42,Utilities,2023-11-08,Original Category: Utilities,,1.0,0,kaggle_dataset
kaggle_1150,Fight nice less agree able.,1379.53,Entertainment,2023-11-08,Original Category: Entertainment,,1.0,0,kaggle_dataset
kaggle_1151,What strong line.,15.45,Entertainment,2023-11-09,Original Category: Entertainment,,1.0,0,kaggle_dataset
kaggle_1152,Conference trade population agreement.,1672.11,Utilities,2023-11-09,Original Category: Rent,,1.0,0,kaggle_dataset
kaggle_1153,Yes at seat ok.,1899.4,Utilities,2023-11-11,Original Category: Utilities,,1.0,0,kaggle_dataset
kaggle_1154,Than physical live reason.,1449.89,Utilities,2023-11-11,Original Category: Rent,,1.0,0,kaggle_dataset
kaggle_1156,Floor there career.,535.61,Transport,2023-11-14,Original Category: Travel,,1.0,0,kaggle_dataset
kaggle_1158,Face morning.,1605.18,Other,2023-11-15,Original Category: Health & Fitness,,1.0,0,kaggle_dataset
kaggle_1159,Create physical share out cold.,199.05,Utilities,2023-11-17,Original Category: Rent,,1.0,0,kaggle_dataset
kaggle_1160,Step rate feeling rate.,29.25,Food,2023-11-18,Original Category: Food & Drink,,1.0,0,kaggle_dataset
kaggle_1162,Carry example.,1910.63,Other,2023-11-21,Original Category: Salary,,1.0,0,kaggle_dataset
kaggle_1163,Future treat bill choice.,751.52,Utilities,2023-11-22,Original Category: Rent,,1.0,0,kaggle_dataset
kaggle_1164,Somebody next ready.,807.55,Utilities,2023-11-23,Original Category: Rent,,1.0,0,kaggle_dataset
kaggle_1165,Republican reduce sort individual trouble.,1673.06,Transport,2023-11-23,Original Category: Travel,,1.0,0,kaggle_dataset
kaggle_1166,Type look find.,1601.8,Other,2023-11-26,Original Category: Salary,,1.0,0,kaggle_dataset
kaggle_1167,Stage threat our.,234.98,Utilities,2023-11-26,Original Category: Utilities,,1.0,0,kaggle_dataset
kaggle_1168,Report agreement sport.,1963.32,Food,2023-11-26,Original Category: Food & Drink,,1.0,0,kaggle_dataset
kaggle_1169,Task central dinner.,837.9,Utilities,2023-11-26,Original Category: Rent,,1.0,0,kaggle_dataset
kaggle_1170,Candidate bad real.,370.71,Other,2023-11-27,Original Category: Salary,,1.0,0,kaggle_dataset
kaggle_1171,Affect machine.,1226.6,Other,2023-11-27,Original Category: Health & Fitness,,1.0,0,kaggle_dataset
kaggle_1172,Cultural allow.,971.33,Utilities,2023-11-28,Original Category: Utilities,,1.0,0,kaggle_dataset
kaggle_1173,Arrive budget education at property.,886.97,Shopping,2023-11-28,Original Category: Shopping,,1.0,0,kaggle_dataset
kaggle_1175,Ahead certainly second everyone.,1956.01,Entertainment,2023-12-05,Original Category: Entertainment,,1.0,0,kaggle_dataset
kaggle_1176,Goal talk sit party.,1043.01,Other,2023-12-05,Original Category: Health & Fitness,,1.0,0,kaggle_dataset
kaggle_1177,Attention standard shake more respond.,871.37,Utilities,2023-12-06,Original Category: Rent,,1.0,0,kaggle_dataset
kaggle_1178,Top mr wind.,698.04,Other,2023-12-08,Original Category: Salary,,1.0,0,kaggle_dataset
kaggle_1179,Turn surface listen.,305.82,Shopping,2023-12-09,Original Category: Shopping,,1.0,0,kaggle_dataset
kaggle_1180,Pull blue strong wonder.,33.17,Food,2023-12-09,Original Category: Food & Drink,,1.0,0,kaggle_dataset
kaggle_1181,Method imagine seven.,1705.22,Other,2023-12-10,Original Category: Salary,,1.0,0,kaggle_dataset
kaggle_1182,Letter mind many.,1505.35,Utilities,2023-12-11,Original Category: Rent,,1.0,0,kaggle_dataset
kaggle_1183,News american foreign.,1940.59,Other,2023-12-13,Original Category: Health & Fitness,,1.0,0,kaggle_dataset
kaggle_1185,Network fact talk.,166.87,Entertainment,2023-12-14,Original Category: Entertainment,,1.0,0,kaggle_dataset
kaggle_1186,Thus sort.,185.16,Other,2023-12-18,Original Category: Salary,,1.0,0,kaggle_dataset
kaggle_1187,Actually purpose public.,246.23,Other,2023-12-20,Original Category: Health & Fitness,,1.0,0,kaggle_dataset
kaggle_1188,Mission put budget house.,214.26,Food,2023-12-21,Original Category: Food & Drink,,1.0,0,kaggle_dataset
kaggle_1189,Ask window full.,1653.56,Food,2023-12-22,Original Category: Food & Drink,,1.0,0,kaggle_dataset
kaggle_1190,Do interesting material.,1781.32,Transport,2023-12-23,Original Category: Travel,,1.0,0,kaggle_dataset
kaggle_1191,Event smile popular hundred live.,1901.21,Other,2023-12-25,Original Category: Salary,,1.0,0,kaggle_dataset
kaggle_1192,Memory challenge lawyer business.,1635.01,Food,2023-12-26,Original Category: Food & Drink,,1.0,0,kaggle_dataset
kaggle_1193,Discuss wall ahead scene.,1124.7,Other,2023-12-27,Original Category: Health & Fitness,,1.0,0,kaggle_dataset
kaggle_1194,Question will him quickly.,1436.15,Other,2023-12-29,Original Category: Salary,,1.0,0,kaggle_dataset
kaggle_1195,Perform benefit baby.,236.91,Other,2023-12-29,Original Category: Salary,,1.0,0,kaggle_dataset
kaggle_1196,Society dark product make.,14.37,Entertainment,2023-12-29,Original Category: Entertainment,,1.0,0,kaggle_dataset
kaggle_1197,Gas teacher national weight all.,1099.9,Transport,2024-01-02,Original Category: Travel,,1.0,0,kaggle_dataset
kaggle_1198,Himself fire heavy.,101.1,Utilities,2024-01-02,Original Category: Rent,,1.0,0,kaggle_dataset
kaggle_1202,Occur live take media hot.,1436.41,Entertainment,2024-01-09,Original Category: Entertainment,,1.0,0,kaggle_dataset
kaggle_1204,And student give score agree.,1546.57,Utilities,2024-01-10,Original Category: Rent,,1.0,0,kaggle_dataset
kaggle_1205,Best generation group goal.,1928.07,Utilities,2024-01-11,Original Category: Utilities,,1.0,0,kaggle_dataset
kaggle_1207,Boy college mrs.,1849.5,Other,2024-01-11,Original Category: Salary,,1.0,0,kaggle_dataset
kaggle_1208,Price institution method inside.,1386.72,Utilities,2024-01-12,Original Category: Utilities,,1.0,0,kaggle_dataset
kaggle_1210,Space beyond.,1013.18,Other,2024-01-14,Original Category: Health & Fitness,,1.0,0,kaggle_dataset
kaggle_1211,Market specific property coach.,554.46,Entertainment,2024-01-15,Original Category: Entertainment,,1.0,0,kaggle_dataset
kaggle_1212,Wide cut player wind.,911.16,Transport,2024-01-16,Original Category: Travel,,1.0,0,kaggle_dataset
kaggle_1214,Behind front attack song little.,1426.63,Other,2024-01-16,Original Category: Health & Fitness,,1.0,0,kaggle_dataset
kaggle_1215,Somebody prepare few sound.,409.77,Entertainment,2024-01-17,Original Category: Entertainment,,1.0,0,kaggle_dataset
kaggle_1216,Finish increase economy middle public.,1376.36,Transport,2024-01-19,Original Category: Travel,,1.0,0,kaggle_dataset
kaggle_1217,Thing physical might.,1962.86,Utilities,2024-01-19,Original Category: Utilities,,1.0,0,kaggle_dataset
kaggle_1218,Material produce station visit environmental.,1012.75,Utilities,2024-01-19,Original Category: Utilities,,1.0,0,kaggle_dataset
kaggle_1219,Table trade various risk art.,1423.6,Other,2024-01-19,Original Category: Health & Fitness,,1.0,0,kaggle_dataset
kaggle_1220,Leg drive second she.,1169.78,Other,2024-01-20,Original Category: Salary,,1.0,0,kaggle_dataset
kaggle_1221,Five store ask data.,1351.74,Shopping,2024-01-22,Original Category: Shopping,,1.0,0,kaggle_dataset
kaggle_1222,Statement position either.,1756.18,Transport,2024-01-23,Original Category: Travel,,1.0,0,kaggle_dataset
kaggle_1223,Draw change agree someone.,1050.23,Food,2024-01-24,Original Category: Food & Drink,,1.0,0,kaggle_dataset
kaggle_1225,Evening ahead smile.,541.29,Entertainment,2024-01-26,Original Category: Entertainment,,1.0,0,kaggle_dataset
kaggle_1226,Compare system white magazine after.,1369.95,Transport,2024-01-26,Original Category: Travel,,1.0,0,kaggle_dataset
kaggle_1228,However style.,723.78,Food,2024-01-27,Original Category: Food & Drink,,1.0,0,kaggle_dataset
kaggle_1229,Born same usually.,1487.4,Entertainment,2024-01-28,Original Category: Entertainment,,1.0,0,kaggle_dataset
kaggle_1230,Wear use edge this draw.,1026.74,Entertainment,2024-01-30,Original Category: Entertainment,,1.0,0,kaggle_dataset
kaggle_1231,Forget once hope security.,1388.94,Transport,2024-02-01,Original Category: Travel,,1.0,0,kaggle_dataset
kaggle_1233,Television argue mouth.,1932.01,Other,2024-02-07,Original Category: Health & Fitness,,1.0,0,kaggle_dataset
kaggle_1235,Little happy final population.,1661.67,Other,2024-02-10,Original Category: Salary,,1.0,0,kaggle_dataset
kaggle_1236,Real small.,1512.66,Other,2024-02-10,Original Category: Health & Fitness,,1.0,0,kaggle_dataset
kaggle_1237,Need finally when.,1554.53,Entertainment,2024-02-10,Original Category: Entertainment,,1.0,0,kaggle_dataset
kaggle_1238,Movement door kind.,903.14,Transport,2024-02-14,Original Category: Travel,,1.0,0,kaggle_dataset
kaggle_1239,Until truth feeling view.,382.08,Utilities,2024-02-14,Original Category: Rent,,1.0,0,kaggle_dataset
kaggle_1243,Recognize media goal.,89.48,Utilities,2024-02-19,Original Category: Utilities,,1.0,0,kaggle_dataset
kaggle_1244,Law agree appear political.,1549.59,Food,2024-02-21,Original Category: Food & Drink,,1.0,0,kaggle_dataset
kaggle_1245,Able customer figure.,986.2,Transport,2024-02-21,Original Category: Travel,,1.0,0,kaggle_dataset
kaggle_1246,Book economic.,155.03,Other,2024-02-21,Original Category: Health & Fitness,,1.0,0,kaggle_dataset
kaggle_1247,Rate society floor long same.,1914.41,Entertainment,2024-02-22,Original Category: Entertainment,,1.0,0,kaggle_dataset
kaggle_1248,Reach step son.,837.7,Utilities,2024-02-23,Original Category: Utilities,,1.0,0,kaggle_dataset
kaggle_1249,Increase consider.,705.31,Utilities,2024-02-23,Original Category: Rent,,1.0,0,kaggle_dataset
kaggle_1250,Difference way type positive phone.,668.82,Other,2024-02-24,Original Category: Health & Fitness,,1.0,0,kaggle_dataset
kaggle_1251,Cup red collection husband.,1993.3,Other,2024-02-24,Original Category: Salary,,1.0,0,kaggle_dataset
kaggle_1252,Employee become happy water bring.,238.3,Food,2024-02-25,Original Category: Food & Drink,,1.0,0,kaggle_dataset
kaggle_1253,Significant up still management.,1809.95,Entertainment,2024-02-27,Original Category: Entertainment,,1.0,0,kaggle_dataset
kaggle_1254,Course technology site.,1918.2,Entertainment,2024-02-27,Original Category: Entertainment,,1.0,0,kaggle_dataset
kaggle_1255,High issue deal democratic.,768.93,Other,2024-02-27,Original Category: Health & Fitness,,1.0,0,kaggle_dataset
kaggle_1256,Industry impact certainly.,777.89,Utilities,2024-02-28,Original Category: Rent,,1.0,0,kaggle_dataset
kaggle_1257,Dog late eat.,59.16,Transport,2024-02-29,Original Category: Travel,,1.0,0,kaggle_dataset
kaggle_1258,Beat light the window.,1033.48,Other,2024-03-02,Original Category: Health & Fitness,,1.0,0,kaggle_dataset
kaggle_1259,Require remain save.,97.26,Other,2024-03-03,Original Category: Salary,,1.0,0,kaggle_dataset
kaggle_1260,Believe arrive.,647.42,Entertainment,2024-03-05,Original Category: Entertainment,,1.0,0,kaggle_dataset
kaggle_1262,Effect people.,1257.6,Food,2024-03-06,Original Category: Food & Drink,,1.0,0,kaggle_dataset
kaggle_1263,Provide car throughout american.,1731.25,Entertainment,2024-03-06,Original Category: Entertainment,,1.0,0,kaggle_dataset
kaggle_1264,College manage fund.,419.1,Utilities,2024-03-06,Original Category: Rent,,1.0,0,kaggle_dataset
kaggle_1265,Bed report item.,1296.66,Shopping,2024-03-07,Original Category: Shopping,,1.0,0,kaggle_dataset
kaggle_1266,Finish without.,57.27,Utilities,2024-03-07,Original Category: Utilities,,1.0,0,kaggle_dataset
kaggle_1267,Security unit executive.,184.17,Food,2024-03-08,Original Category: Food & Drink,,1.0,0,kaggle_dataset
kaggle_1269,New type pm.,1822.86,Entertainment,2024-03-13,Original Category: Entertainment,,1.0,0,kaggle_dataset
kaggle_1270,Country approach.,1264.13,Other,2024-03-15,Original Category: Salary,,1.0,0,kaggle_dataset
kaggle_1271,Like clear.,785.11,Food,2024-03-16,Original Category: Food & Drink,,1.0,0,kaggle_dataset
kaggle_1273,Leader both rest challenge.,1404.76,Food,2024-03-26,Original Category: Food & Drink,,1.0,0,kaggle_dataset
kaggle_1275,State none production defense your.,1217.07,Transport,2024-03-28,Original Category: Travel,,1.0,0,kaggle_dataset
kaggle_1276,Short congress turn east marriage.,769.01,Other,2024-03-29,Original Category: Salary,,1.0,0,kaggle_dataset
kaggle_1277,Ago race quite hour.,953.24,Food,2024-03-30,Original Category: Food & Drink,,1.0,0,kaggle_dataset
kaggle_1278,Child ball store process.,1496.04,Utilities,2024-03-30,Original Category: Utilities,,1.0,0,kaggle_dataset
kaggle_1279,Western order accept wide prevent.,1920.67,Transport,2024-04-03,Original Category: Travel,,1.0,0,kaggle_dataset
kaggle_1281,Tell soon executive.,255.24,Utilities,2024-04-06,Original Category: Utilities,,1.0,0,kaggle_dataset
kaggle_1283,Effort drive side human.,616.34,Utilities,2024-04-08,Original Category: Rent,,1.0,0,kaggle_dataset
kaggle_1284,Clear single expect.,431.36,Other,2024-04-09,Original Category: Health & Fitness,,1.0,0,kaggle_dataset
kaggle_1285,Fear song save.,330.3,Utilities,2024-04-09,Original Category: Utilities,,1.0,0,kaggle_dataset
kaggle_1286,Capital program story mention majority.,396.71,Transport,2024-04-10,Original Category: Travel,,1.0,0,kaggle_dataset
kaggle_1288,Control piece behavior message wind.,588.4,Utilities,2024-04-11,Original Category: Rent,,1.0,0,kaggle_dataset
kaggle_1290,Life bad soon.,1903.56,Other,2024-04-16,Original Category: Salary,,1.0,0,kaggle_dataset
kaggle_1291,Worker range feel.,209.09,Entertainment,2024-04-17,Original Category: Entertainment,,1.0,0,kaggle_dataset
kaggle_1292,Into notice necessary true message.,642.39,Entertainment,2024-04-17,Original Category: Entertainment,,1.0,0,kaggle_dataset
kaggle_1293,Including let result spend.,1389.98,Transport,2024-04-17,Original Category: Travel,,1.0,0,kaggle_dataset
kaggle_1295,Skill successful and.,19.62,Utilities,2024-04-20,Original Category: Utilities,,1.0,0,kaggle_dataset
kaggle_1296,Finish right serious.,1427.28,Entertainment,2024-04-21,Original Category: Entertainment,,1.0,0,kaggle_dataset
kaggle_1297,Space game truth special decision.,1681.82,Transport,2024-04-22,Original Category: Travel,,1.0,0,kaggle_dataset
kaggle_1299,Pretty least if.,1551.79,Other,2024-04-25,Original Category: Health & Fitness,,1.0,0,kaggle_dataset
kaggle_1300,Peace wind guess.,359.78,Utilities,2024-04-26,Original Category: Rent,,1.0,0,kaggle_dataset
kaggle_1301,Because career course.,1718.84,Transport,2024-04-26,Original Category: Travel,,1.0,0,kaggle_dataset
kaggle_1303,Success teach mrs beat.,1457.58,Utilities,2024-05-02,Original Category: Rent,,1.0,0,kaggle_dataset
kaggle_1304,Listen against coach.,1627.16,Food,2024-05-03,Original Category: Food & Drink,,1.0,0,kaggle_dataset
kaggle_1305,White likely teacher one.,1813.54,Entertainment,2024-05-04,Original Category: Entertainment,,1.0,0,kaggle_dataset
kaggle_1306,Notice street anything.,1311.28,Other,2024-05-04,Original Category: Salary,,1.0,0,kaggle_dataset
kaggle_1308,Say other never fact.,276.42,Transport,2024-05-05,Original Category: Travel,,1.0,0,kaggle_dataset
kaggle_1309,Main opportunity particularly question.,799.6,Utilities,2024-05-14,Original Category: Rent,,1.0,0,kaggle_dataset
kaggle_1310,Research month instead.,1697.48,Entertainment,2024-05-15,Original Category: Entertainment,,1.0,0,kaggle_dataset
kaggle_1311,As throughout individual list manager.,1516.84,Utilities,2024-05-17,Original Category: Utilities,,1.0,0,kaggle_dataset
kaggle_1313,Discussion detail training fund.,1474.48,Utilities,2024-05-22,Original Category: Utilities,,1.0,0,kaggle_dataset
kaggle_1314,Third rich hospital.,90.44,Other,2024-05-23,Original Category: Health & Fitness,,1.0,0,kaggle_dataset
kaggle_1315,Somebody son suddenly perform.,135.09,Entertainment,2024-05-25,Original Category: Entertainment,,1.0,0,kaggle_dataset
kaggle_1316,Project can.,1340.49,Food,2024-05-26,Original Category: Food & Drink,,1.0,0,kaggle_dataset
kaggle_1317,Paper beyond indeed.,782.31,Other,2024-05-27,Original Category: Health & Fitness,,1.0,0,kaggle_dataset
kaggle_1318,Doctor news yourself.,89.41,Food,2024-05-27,Original Category: Food & Drink,,1.0,0,kaggle_dataset
kaggle_1319,Ground city still.,1410.44,Utilities,2024-05-31,Original Category: Rent,,1.0,0,kaggle_dataset
kaggle_1320,Southern front.,1671.4,Transport,2024-06-01,Original Category: Travel,,1.0,0,kaggle_dataset
kaggle_1321,Dinner no main year size.,759.55,Utilities,2024-06-02,Original Category: Utilities,,1.0,0,kaggle_dataset
kaggle_1322,Environment character real middle prove.,1038.16,Utilities,2024-06-02,Original Category: Rent,,1.0,0,kaggle_dataset
kaggle_1323,Sometimes while sense window.,1037.58,Entertainment,2024-06-03,Original Category: Entertainment,,1.0,0,kaggle_dataset
kaggle_1324,Among black picture that treat.,978.85,Other,2024-06-04,Original Category: Health & Fitness,,1.0,0,kaggle_dataset
kaggle_1325,Remain seven marriage.,1008.66,Food,2024-06-06,Original Category: Food & Drink,,1.0,0,kaggle_dataset
kaggle_1329,Picture early send morning.,1325.61,Utilities,2024-06-12,Original Category: Rent,,1.0,0,kaggle_dataset
kaggle_1330,Soon including important.,1443.31,Other,2024-06-13,Original Category: Health & Fitness,,1.0,0,kaggle_dataset
kaggle_1331,Some gun ahead certainly act.,963.25,Other,2024-06-13,Original Category: Salary,,1.0,0,kaggle_dataset
kaggle_1332,Be fire.,54.67,Shopping,2024-06-14,Original Category: Shopping,,1.0,0,kaggle_dataset
kaggle_1334,Within woman.,1782.69,Food,2024-06-16,Original Category: Food & Drink,,1.0,0,kaggle_dataset
kaggle_1336,Training account evidence month.,1202.72,Shopping,2024-06-21,Original Category: Shopping,,1.0,0,kaggle_dataset
kaggle_1337,Land day name small.,1758.23,Food,2024-06-21,Original Category: Food & Drink,,1.0,0,kaggle_dataset
kaggle_1338,Thought sit identify culture.,1895.04,Transport,2024-06-22,Original Category: Travel,,1.0,0,kaggle_dataset
kaggle_1339,Already free.,1735.93,Other,2024-06-23,Original Category: Salary,,1.0,0,kaggle_dataset
kaggle_1341,Agreement someone.,1250.19,Utilities,2024-06-23,Original Category: Utilities,,1.0,0,kaggle_dataset
kaggle_1342,Strategy fight institution.,1451.13,Utilities,2024-06-23,Original Category: Utilities,,1.0,0,kaggle_dataset
kaggle_1343,Rule success.,1197.1,Other,2024-06-23,Original Category: Salary,,1.0,0,kaggle_dataset
kaggle_1346,Research visit program suddenly doctor.,1654.76,Shopping,2024-07-06,Original Category: Shopping,,1.0,0,kaggle_dataset
kaggle_1347,Project spring of.,956.98,Utilities,2024-07-07,Original Category: Utilities,,1.0,0,kaggle_dataset
kaggle_1348,Mind easy foreign old.,1756.73,Food,2024-07-07,Original Category: Food & Drink,,1.0,0,kaggle_dataset
kaggle_1349,Better republican stock bank.,195.45,Utilities,2024-07-07,Original Category: Rent,,1.0,0,kaggle_dataset
kaggle_1350,Thousand live land hard.,1794.97,Food,2024-07-07,Original Category: Food & Drink,,1.0,0,kaggle_dataset
kaggle_1351,Open million house enough.,1048.87,Shopping,2024-07-13,Original Category: Shopping,,1.0,0,kaggle_dataset
kaggle_1352,You ready way rule.,1398.31,Food,2024-07-13,Original Category: Food & Drink,,1.0,0,kaggle_dataset
kaggle_1353,Certain camera represent.,1581.22,Other,2024-07-16,Original Category: Salary,,1.0,0,kaggle_dataset
kaggle_1354,Tell brother defense list second.,856.72,Utilities,2024-07-20,Original Category: Rent,,1.0,0,kaggle_dataset
kaggle_1355,Tv budget system book.,1821.07,Entertainment,2024-07-21,Original Category: Entertainment,,1.0,0,kaggle_dataset
kaggle_1359,Give that individual of not.,823.6,Other,2024-07-25,Original Category: Health & Fitness,,1.0,0,kaggle_dataset
kaggle_1361,Seven project chance road.,1133.69,Shopping,2024-07-26,Original Category: Shopping,,1.0,0,kaggle_dataset
kaggle_1362,Professor important do house must.,1512.39,Shopping,2024-07-26,Original Category: Shopping,,1.0,0,kaggle_dataset
kaggle_1363,Position tend religious.,365.65,Other,2024-07-26,Original Category: Salary,,1.0,0,kaggle_dataset
kaggle_1364,Someone religious night buy nice.,515.02,Other,2024-07-27,Original Category: Salary,,1.0,0,kaggle_dataset
kaggle_1365,My serious whatever miss seek.,1550.65,Other,2024-07-27,Original Category: Health & Fitness,,1.0,0,kaggle_dataset
kaggle_1366,Build view.,1711.45,Utilities,2024-07-27,Original Category: Utilities,,1.0,0,kaggle_dataset
kaggle_1367,Ever day.,898.72,Entertainment,2024-07-28,Original Category: Entertainment,,1.0,0,kaggle_dataset
kaggle_1368,Be move fly open.,209.55,Utilities,2024-07-28,Original Category: Utilities,,1.0,0,kaggle_dataset
kaggle_1369,Future congress.,1603.7,Other,2024-07-29,Original Category: Health & Fitness,,1.0,0,kaggle_dataset
kaggle_1370,Fish either boy between collection.,329.87,Food,2024-07-29,Original Category: Food & Drink,,1.0,0,kaggle_dataset
kaggle_1371,Eight bed fill.,1610.7,Food,2024-07-29,Original Category: Food & Drink,,1.0,0,kaggle_dataset
kaggle_1372,Arrive which consider.,1852.46,Other,2024-07-30,Original Category: Salary,,1.0,0,kaggle_dataset
kaggle_1373,Hope floor include.,533.55,Utilities,2024-07-30,Original Category: Rent,,1.0,0,kaggle_dataset
kaggle_1374,Heart still building.,1451.74,Food,2024-08-01,Original Category: Food & Drink,,1.0,0,kaggle_dataset
kaggle_1375,Sell only manage.,1231.79,Shopping,2024-08-02,Original Category: Shopping,,1.0,0,kaggle_dataset
kaggle_1376,We especially five network.,1891.97,Food,2024-08-02,Original Category: Food & Drink,,1.0,0,kaggle_dataset
kaggle_1377,Ahead plant trial affect.,883.55,Other,2024-08-03,Original Category: Salary,,1.0,0,kaggle_dataset
kaggle_1378,Push east never size fight.,397.55,Transport,2024-08-03,Original Category: Travel,,1.0,0,kaggle_dataset
kaggle_1379,Base player data whose.,1234.23,Entertainment,2024-08-08,Original Category: Entertainment,,1.0,0,kaggle_dataset
kaggle_1380,World site mr interest treatment.,486.12,Other,2024-08-09,Original Category: Health & Fitness,,1.0,0,kaggle_dataset
kaggle_1382,A value lot.,712.72,Shopping,2024-08-14,Original Category: Shopping,,1.0,0,kaggle_dataset
kaggle_1383,Yourself successful defense subject.,1040.31,Entertainment,2024-08-14,Original Category: Entertainment,,1.0,0,kaggle_dataset
kaggle_1384,Claim move.,1839.16,Utilities,2024-08-14,Original Category: Rent,,1.0,0,kaggle_dataset
kaggle_1385,Bed recognize store.,701.48,Other,2024-08-15,Original Category: Health & Fitness,,1.0,0,kaggle_dataset
kaggle_1386,There decision measure.,1216.66,Entertainment,2024-08-22,Original Category: Entertainment,,1.0,0,kaggle_dataset
kaggle_1388,Decision where foreign trial.,1017.41,Shopping,2024-08-25,Original Category: Shopping,,1.0,0,kaggle_dataset
kaggle_1389,Participant above.,686.53,Transport,2024-08-25,Original Category: Travel,,1.0,0,kaggle_dataset
kaggle_1391,Ball theory prepare much throughout.,1391.44,Transport,2024-08-27,Original Category: Travel,,1.0,0,kaggle_dataset
kaggle_1392,Good spend still.,1542.23,Other,2024-08-27,Original Category: Salary,,1.0,0,kaggle_dataset
kaggle_1393,Concern should recent across.,1366.37,Other,2024-08-28,Original Category: Salary,,1.0,0,kaggle_dataset
kaggle_1394,View know develop after.,969.12,Food,2024-08-28,Original Category: Food & Drink,,1.0,0,kaggle_dataset
kaggle_1395,Course staff personal space.,1270.99,Shopping,2024-08-28,Original Category: Shopping,,1.0,0,kaggle_dataset
kaggle_1396,Woman whose already.,1602.32,Entertainment,2024-08-30,Original Category: Entertainment,,1.0,0,kaggle_dataset
kaggle_1397,Decide cultural start how thank.,1037.84,Other,2024-09-01,Original Category: Health & Fitness,,1.0,0,kaggle_dataset
kaggle_1399,Assume campaign assume.,1350.66,Shopping,2024-09-05,Original Category: Shopping,,1.0,0,kaggle_dataset
kaggle_1400,Talk thing rock ever summer.,1113.56,Utilities,2024-09-05,Original Category: Rent,,1.0,0,kaggle_dataset
kaggle_1402,Item yet ever quite.,373.74,Transport,2024-09-05,Original Category: Travel,,1.0,0,kaggle_dataset
kaggle_1403,Guess service this different.,1003.01,Entertainment,2024-09-06,Original Category: Entertainment,,1.0,0,kaggle_dataset
kaggle_1405,Wrong difficult.,1671.53,Entertainment,2024-09-08,Original Category: Entertainment,,1.0,0,kaggle_dataset
kaggle_1406,True culture.,320.43,Other,2024-09-10,Original Category: Health & Fitness,,1.0,0,kaggle_dataset
kaggle_1408,Or phone.,1697.54,Food,2024-09-15,Original Category: Food & Drink,,1.0,0,kaggle_dataset
kaggle_1409,East list when.,989.76,Other,2024-09-16,Original Category: Health & Fitness,,1.0,0,kaggle_dataset
kaggle_1410,Mind door authority outside.,986.7,Transport,2024-09-17,Original Category: Travel,,1.0,0,kaggle_dataset
kaggle_1411,Personal often.,801.78,Transport,2024-09-17,Original Category: Travel,,1.0,0,kaggle_dataset
kaggle_1412,True help.,117.75,Utilities,2024-09-17,Original Category: Utilities,,1.0,0,kaggle_dataset
kaggle_1413,Artist sort area.,1879.91,Other,2024-09-18,Original Category: Salary,,1.0,0,kaggle_dataset
kaggle_1415,Sure i pay.,919.82,Utilities,2024-09-22,Original Category: Utilities,,1.0,0,kaggle_dataset
kaggle_1417,Less into per big.,1351.47,Food,2024-09-24,Original Category: Food & Drink,,1.0,0,kaggle_dataset
kaggle_1418,Military onto blue activity.,657.62,Utilities,2024-09-25,Original Category: Rent,,1.0,0,kaggle_dataset
kaggle_1419,Smile cover of pm eight.,382.43,Transport,2024-09-26,Original Category: Travel,,1.0,0,kaggle_dataset
kaggle_1420,Right know during someone.,947.98,Transport,2024-09-26,Original Category: Travel,,1.0,0,kaggle_dataset
kaggle_1421,Find job where.,375.99,Other,2024-09-27,Original Category: Health & Fitness,,1.0,0,kaggle_dataset
kaggle_1422,On must certainly.,1404.42,Shopping,2024-09-27,Original Category: Shopping,,1.0,0,kaggle_dataset
kaggle_1423,Owner fact wife.,566.46,Shopping,2024-10-01,Original Category: Shopping,,1.0,0,kaggle_dataset
kaggle_1425,Gas with policy cut.,1610.13,Transport,2024-10-02,Original Category: Travel,,1.0,0,kaggle_dataset
kaggle_1426,Country little reality level.,400.17,Shopping,2024-10-02,Original Category: Shopping,,1.0,0,kaggle_dataset
kaggle_1427,Not friend federal forget bit.,951.24,Utilities,2024-10-03,Original Category: Utilities,,1.0,0,kaggle_dataset
kaggle_1430,Hundred step according.,802.82,Food,2024-10-07,Original Category: Food & Drink,,1.0,0,kaggle_dataset
kaggle_1431,Group never.,438.78,Food,2024-10-08,Original Category: Food & Drink,,1.0,0,kaggle_dataset
kaggle_1432,Key place tree.,905.21,Utilities,2024-10-09,Original Category: Rent,,1.0,0,kaggle_dataset
kaggle_1433,Wish current.,727.01,Other,2024-10-10,Original Category: Health & Fitness,,1.0,0,kaggle_dataset
kaggle_1434,Despite energy company.,694.84,Transport,2024-10-10,Original Category: Travel,,1.0,0,kaggle_dataset
kaggle_1435,Condition again successful.,1736.06,Other,2024-10-11,Original Category: Health & Fitness,,1.0,0,kaggle_dataset
kaggle_1436,Story case.,1157.94,Entertainment,2024-10-12,Original Category: Entertainment,,1.0,0,kaggle_dataset
kaggle_1437,Very figure drive special.,1958.95,Utilities,2024-10-15,Original Category: Utilities,,1.0,0,kaggle_dataset
kaggle_1438,With young think there assume.,1349.65,Other,2024-10-17,Original Category: Health & Fitness,,1.0,0,kaggle_dataset
kaggle_1439,Some court her.,1780.37,Other,2024-10-17,Original Category: Salary,,1.0,0,kaggle_dataset
kaggle_1440,Outside with each animal.,932.87,Transport,2024-10-18,Original Category: Travel,,1.0,0,kaggle_dataset
kaggle_1441,Take family chance.,1284.76,Utilities,2024-10-19,Original Category: Utilities,,1.0,0,kaggle_dataset
kaggle_1442,Picture evidence.,1266.23,Shopping,2024-10-19,Original Category: Shopping,,1.0,0,kaggle_dataset
kaggle_1443,Why though decide bank likely.,167.43,Utilities,2024-10-21,Original Category: Rent,,1.0,0,kaggle_dataset
kaggle_1444,Meet seem population.,640.59,Other,2024-10-21,Original Category: Health & Fitness,,1.0,0,kaggle_dataset
kaggle_1445,Material less focus hear.,1214.72,Transport,2024-10-21,Original Category: Travel,,1.0,0,kaggle_dataset
kaggle_1446,Listen ok point so.,1564.14,Other,2024-10-23,Original Category: Salary,,1.0,0,kaggle_dataset
kaggle_1447,Detail data tell.,833.84,Other,2024-10-24,Original Category: Salary,,1.0,0,kaggle_dataset
kaggle_1449,Nearly care base.,1881.47,Transport,2024-11-01,Original Category: Travel,,1.0,0,kaggle_dataset
kaggle_1450,Goal once let perform international.,429.04,Utilities,2024-11-02,Original Category: Rent,,1.0,0,kaggle_dataset
kaggle_1451,Important source first him.,136.95,Utilities,2024-11-03,Original Category: Rent,,1.0,0,kaggle_dataset
kaggle_1452,Doctor population grow bar.,62.47,Food,2024-11-03,Original Category: Food & Drink,,1.0,0,kaggle_dataset
kaggle_1453,National back everybody direction budget.,216.82,Utilities,2024-11-11,Original Category: Rent,,1.0,0,kaggle_dataset
kaggle_1454,National free.,1313.12,Utilities,2024-11-11,Original Category: Rent,,1.0,0,kaggle_dataset
kaggle_1455,Few spring raise.,466.42,Transport,2024-11-12,Original Category: Travel,,1.0,0,kaggle_dataset
kaggle_1456,Relationship your your.,1256.7,Other,2024-11-13,Original Category: Salary,,1.0,0,kaggle_dataset
kaggle_1459,Dinner rich decide do.,1950.21,Other,2024-11-13,Original Category: Salary,,1.0,0,kaggle_dataset
kaggle_1460,Serious reveal left social fine.,1101.61,Transport,2024-11-14,Original Category: Travel,,1.0,0,kaggle_dataset
kaggle_1462,Hear officer.,1051.69,Shopping,2024-11-16,Original Category: Shopping,,1.0,0,kaggle_dataset
kaggle_1463,Wall act special.,1818.76,Transport,2024-11-17,Original Category: Travel,,1.0,0,kaggle_dataset
kaggle_1464,Different international sell several.,1611.37,Entertainment,2024-11-17,Original Category: Entertainment,,1.0,0,kaggle_dataset
kaggle_1465,For age size.,830.29,Other,2024-11-17,Original Category: Health & Fitness,,1.0,0,kaggle_dataset
kaggle_1467,Woman daughter hospital move.,694.33,Utilities,2024-11-18,Original Category: Utilities,,1.0,0,kaggle_dataset
kaggle_1468,Board notice later thus.,1378.66,Food,2024-11-18,Original Category: Food & Drink,,1.0,0,kaggle_dataset
kaggle_1469,Bit need allow.,606.22,Other,2024-11-19,Original Category: Salary,,1.0,0,kaggle_dataset
kaggle_1470,Cost attorney.,1198.04,Transport,2024-11-20,Original Category: Travel,,1.0,0,kaggle_dataset
kaggle_1471,Day fact modern.,385.26,Other,2024-11-20,Original Category: Health & Fitness,,1.0,0,kaggle_dataset
kaggle_1472,Happy action.,795.56,Shopping,2024-11-22,Original Category: Shopping,,1.0,0,kaggle_dataset
kaggle_1474,Western tend candidate day.,850.26,Utilities,2024-11-24,Original Category: Rent,,1.0,0,kaggle_dataset
kaggle_1475,City offer financial data.,576.51,Transport,2024-11-24,Original Category: Travel,,1.0,0,kaggle_dataset
kaggle_1476,Cut yard knowledge.,831.68,Transport,2024-11-24,Original Category: Travel,,1.0,0,kaggle_dataset
kaggle_1477,Space moment travel these least.,281.88,Utilities,2024-11-25,Original Category: Utilities,,1.0,0,kaggle_dataset
kaggle_1479,Red republican father party.,383.7,Other,2024-11-25,Original Category: Salary,,1.0,0,kaggle_dataset
kaggle_1482,Project at risk.,1456.94,Other,2024-11-30,Original Category: Salary,,1.0,0,kaggle_dataset
kaggle_1483,In seven building hard.,39.3,Utilities,2024-12-02,Original Category: Utilities,,1.0,0,kaggle_dataset
kaggle_1484,Short for late education.,630.04,Shopping,2024-12-05,Original Category: Shopping,,1.0,0,kaggle_dataset
kaggle_1485,Left available.,932.73,Other,2024-12-06,Original Category: Health & Fitness,,1.0,0,kaggle_dataset
kaggle_1486,Gas human create also.,169.64,Other,2024-12-09,Original Category: Health & Fitness,,1.0,0,kaggle_dataset
kaggle_1487,Remember carry.,121.52,Utilities,2024-12-11,Original Category: Utilities,,1.0,0,kaggle_dataset
kaggle_1488,Leave bar prevent require.,1090.95,Utilities,2024-12-12,Original Category: Rent,,1.0,0,kaggle_dataset
kaggle_1490,Beyond family movement hospital back.,1949.45,Utilities,2024-12-15,Original Category: Rent,,1.0,0,kaggle_dataset
kaggle_1491,Child group describe.,1544.74,Shopping,2024-12-16,Original Category: Shopping,,1.0,0,kaggle_dataset
kaggle_1492,Democratic recent student specific political.,406.37,Food,2024-12-19,Original Category: Food & Drink,,1.0,0,kaggle_dataset
kaggle_1493,Real know our any.,1047.07,Utilities,2024-12-19,Original Category: Rent,,1.0,0,kaggle_dataset
kaggle_1494,Up hear draw.,784.35,Other,2024-12-21,Original Category: Salary,,1.0,0,kaggle_dataset
kaggle_1495,Instead writer.,325.64,Other,2024-12-23,Original Category: Health & Fitness,,1.0,0,kaggle_dataset
kaggle_1496,Quite as when.,514.09,Utilities,2024-12-28,Original Category: Rent,,1.0,0,kaggle_dataset
kaggle_1497,Right analysis mention.,727.25,Entertainment,2024-12-28,Original Category: Entertainment,,1.0,0,kaggle_dataset
kaggle_1499,Discussion black follow.,655.78,Shopping,2024-12-29,Original Category: Shopping,,1.0,0,kaggle_dataset
